category,hour,game,lat,lon
WARRANTS,23,Game 1,-122.415085666416,37.7792390689538
ASSAULT,23,Game 1,-122.394985875925,37.7770909534023
ROBBERY,23,Game 1,-122.420013069308,37.7569686092292
OTHER OFFENSES,23,Game 1,-122.420013069308,37.7569686092292
NON-CRIMINAL,23,Game 1,-122.403404791479,37.775420706711
WARRANTS,22,Game 1,-122.418108925859,37.7594801325769
DRUG/NARCOTIC,22,Game 1,-122.414056291891,37.7827931071006
OTHER OFFENSES,22,Game 1,-122.414056291891,37.7827931071006
OTHER OFFENSES,22,Game 1,-122.420402463683,37.7891643767731
STOLEN PROPERTY,22,Game 1,-122.420402463683,37.7891643767731
VANDALISM,22,Game 1,-122.419478247917,37.763050767731
WARRANTS,22,Game 1,-122.419478247917,37.763050767731
LARCENY/THEFT,22,Game 1,-122.397814506334,37.7821372491619
ASSAULT,22,Game 1,-122.416991089644,37.777074192256
ASSAULT,22,Game 1,-122.416991089644,37.777074192256
ASSAULT,22,Game 1,-122.416991089644,37.777074192256
OTHER OFFENSES,22,Game 1,-122.416991089644,37.777074192256
LARCENY/THEFT,22,Game 1,-122.413163134276,37.7749926445385
NON-CRIMINAL,22,Game 1,-122.411612378034,37.7737679567236
LARCENY/THEFT,21,Game 1,-122.423031175088,37.7854818747419
LARCENY/THEFT,21,Game 1,-122.421798040888,37.7964404207928
SECONDARY CODES,21,Game 1,-122.421835482563,37.7836653823561
ASSAULT,21,Game 1,-122.421835482563,37.7836653823561
TRESPASS,21,Game 1,-122.415414178631,37.784476659022
LARCENY/THEFT,21,Game 1,-122.404033177237,37.7907593489246
VEHICLE THEFT,21,Game 1,-122.410246127857,37.7630304437725
DRUG/NARCOTIC,20,Game 1,-122.407163046954,37.7797376338991
STOLEN PROPERTY,20,Game 1,-122.407163046954,37.7797376338991
VEHICLE THEFT,20,Game 1,-122.407604807913,37.7561097891474
ROBBERY,20,Game 1,-122.414029821727,37.7823291237659
ASSAULT,20,Game 1,-122.414029821727,37.7823291237659
NON-CRIMINAL,20,Game 1,-122.421382146152,37.8064907829801
SUSPICIOUS OCC,20,Game 1,-122.421382146152,37.8064907829801
LARCENY/THEFT,20,Game 1,-122.419331147814,37.7622643357423
LARCENY/THEFT,20,Game 1,-122.418467747931,37.7879652569797
LARCENY/THEFT,20,Game 1,-122.419486234049,37.7887480806774
FRAUD,20,Game 1,-122.403404791479,37.775420706711
LARCENY/THEFT,20,Game 1,-122.418634830982,37.7891513547998
FORGERY/COUNTERFEITING,20,Game 1,-122.418467747931,37.7879652569797
LARCENY/THEFT,20,Game 1,-122.406324313914,37.7536322498822
DRUG/NARCOTIC,19,Game 1,-122.414406029855,37.7841907151119
DRUG/NARCOTIC,19,Game 1,-122.414406029855,37.7841907151119
DRUG/NARCOTIC,19,Game 1,-122.414406029855,37.7841907151119
NON-CRIMINAL,19,Game 1,-122.41723150829,37.7905267188782
LARCENY/THEFT,19,Game 1,-122.405973153434,37.794250188811
LARCENY/THEFT,19,Game 1,-122.405380265874,37.7898655845388
ROBBERY,19,Game 1,-122.420250482603,37.7800745746334
LARCENY/THEFT,19,Game 1,-122.402070243227,37.7887198688133
VANDALISM,19,Game 1,-122.426384450806,37.764643937262
OTHER OFFENSES,19,Game 1,-122.403404791479,37.775420706711
LARCENY/THEFT,19,Game 1,-122.404385042303,37.7721958190345
BURGLARY,19,Game 1,-122.410802477808,37.7743299153836
NON-CRIMINAL,18,Game 1,-122.39998111124,37.7776242389287
SUSPICIOUS OCC,18,Game 1,-122.418361693032,37.7571229384933
LARCENY/THEFT,18,Game 1,-122.411279189969,37.7715785765043
DRUG/NARCOTIC,18,Game 1,-122.413679376888,37.7809258336852
DRUG/NARCOTIC,18,Game 1,-122.413679376888,37.7809258336852
DRUG/NARCOTIC,18,Game 1,-122.413679376888,37.7809258336852
NON-CRIMINAL,18,Game 1,-122.419858277339,37.786137125238
LARCENY/THEFT,18,Game 1,-122.419697721691,37.7773009526003
NON-CRIMINAL,18,Game 1,-122.406346425632,37.7791674218963
"SEX OFFENSES, FORCIBLE",18,Game 1,-122.406844394483,37.7946548898815
"SEX OFFENSES, FORCIBLE",18,Game 1,-122.406844394483,37.7946548898815
DRUG/NARCOTIC,18,Game 1,-122.414982189933,37.7760876960393
WARRANTS,18,Game 1,-122.414982189933,37.7760876960393
OTHER OFFENSES,18,Game 1,-122.414982189933,37.7760876960393
LARCENY/THEFT,18,Game 1,-122.41958059212,37.8067799239331
NON-CRIMINAL,18,Game 1,-122.416991089644,37.777074192256
LARCENY/THEFT,18,Game 1,-122.407854234538,37.7854922044602
BURGLARY,18,Game 1,-122.408431861057,37.7887772719153
BURGLARY,18,Game 1,-122.398187664281,37.7967148853927
LARCENY/THEFT,18,Game 1,-122.398187664281,37.7967148853927
LARCENY/THEFT,18,Game 1,-122.414635954342,37.806501229113
LARCENY/THEFT,18,Game 1,-122.41314231312,37.7541658571765
SECONDARY CODES,18,Game 1,-122.404524734354,37.7785759412204
VANDALISM,18,Game 1,-122.417361447481,37.7530927418726
BURGLARY,18,Game 1,-122.409636357172,37.7901077124214
VANDALISM,18,Game 1,-122.409636357172,37.7901077124214
OTHER OFFENSES,18,Game 1,-122.404524734354,37.7785759412204
OTHER OFFENSES,18,Game 1,-122.404524734354,37.7785759412204
OTHER OFFENSES,17,Game 1,-122.408710606663,37.7809706722053
VANDALISM,17,Game 1,-122.40809943667,37.7953991562138
LARCENY/THEFT,17,Game 1,-122.388007401911,37.7871027247566
OTHER OFFENSES,17,Game 1,-122.408192367379,37.7528534193268
LARCENY/THEFT,17,Game 1,-122.438701348232,37.8004498859761
LARCENY/THEFT,17,Game 1,-122.402685189718,37.7965749612893
NON-CRIMINAL,17,Game 1,-122.411302813025,37.7855355791102
LARCENY/THEFT,17,Game 1,-122.412690142308,37.7493688284532
FRAUD,17,Game 1,-122.412690142308,37.7493688284532
BURGLARY,17,Game 1,-122.40864873517,37.7773110274033
WARRANTS,16,Game 1,-122.418182397674,37.7865662290665
LARCENY/THEFT,16,Game 1,-122.407244087032,37.7865647607685
DRUG/NARCOTIC,16,Game 1,-122.407244087032,37.7865647607685
DRUG/NARCOTIC,16,Game 1,-122.422367409563,37.7698682392455
OTHER OFFENSES,16,Game 1,-122.422367409563,37.7698682392455
SUSPICIOUS OCC,16,Game 1,-122.416583456133,37.7786591541508
NON-CRIMINAL,16,Game 1,-122.409422031686,37.7788942420529
FRAUD,16,Game 1,-122.409031505971,37.7992531925554
VEHICLE THEFT,16,Game 1,-122.40481652565,37.7966551079447
FORGERY/COUNTERFEITING,16,Game 1,-122.402163713618,37.7895710255863
FORGERY/COUNTERFEITING,16,Game 1,-122.402163713618,37.7895710255863
LARCENY/THEFT,16,Game 1,-122.403404791479,37.775420706711
FRAUD,16,Game 1,-122.403404791479,37.775420706711
LARCENY/THEFT,16,Game 1,-122.39595792334,37.7836037602517
ASSAULT,15,Game 1,-122.418587172219,37.7530186537446
NON-CRIMINAL,15,Game 1,-122.420818330445,37.7828946450912
ROBBERY,15,Game 1,-122.40642786236,37.78710945429
LARCENY/THEFT,15,Game 1,-122.419570516564,37.8058780896194
OTHER OFFENSES,15,Game 1,-122.414302052544,37.781863316866
NON-CRIMINAL,15,Game 1,-122.408433097286,37.7967039278443
NON-CRIMINAL,15,Game 1,-122.408433097286,37.7967039278443
LARCENY/THEFT,15,Game 1,-122.403404791479,37.775420706711
LARCENY/THEFT,15,Game 1,-122.417626725981,37.8008227529584
LARCENY/THEFT,15,Game 1,-122.406968808147,37.7932181947442
OTHER OFFENSES,15,Game 1,-122.407844136792,37.7767462195389
VANDALISM,15,Game 1,-122.409061067118,37.7966786637547
BURGLARY,15,Game 1,-122.404387129122,37.8060783886253
OTHER OFFENSES,14,Game 1,-122.415127837608,37.7797870676495
DRUG/NARCOTIC,14,Game 1,-122.411071423064,37.7817511307229
LARCENY/THEFT,14,Game 1,-122.406539115148,37.7564864109309
WARRANTS,14,Game 1,-122.403404791479,37.775420706711
LARCENY/THEFT,14,Game 1,-122.408231026261,37.787359494956
FRAUD,14,Game 1,-122.408231026261,37.787359494956
NON-CRIMINAL,14,Game 1,-122.402246029097,37.7810888153345
NON-CRIMINAL,14,Game 1,-122.413045971966,37.7738617771611
ASSAULT,14,Game 1,-122.403404791479,37.775420706711
ASSAULT,14,Game 1,-122.403404791479,37.775420706711
NON-CRIMINAL,14,Game 1,-122.414217817669,37.774239170665
LARCENY/THEFT,14,Game 1,-122.407633520742,37.7841893501425
OTHER OFFENSES,14,Game 1,-122.407633520742,37.7841893501425
LARCENY/THEFT,14,Game 1,-122.407633520742,37.7841893501425
FRAUD,14,Game 1,-122.407633520742,37.7841893501425
SUSPICIOUS OCC,14,Game 1,-122.403404791479,37.775420706711
WEAPON LAWS,13,Game 1,-122.410616059829,37.766238070453
NON-CRIMINAL,13,Game 1,-122.406604919508,37.7571580431915
NON-CRIMINAL,13,Game 1,-122.409791662293,37.7985083480435
NON-CRIMINAL,13,Game 1,-122.426955631709,37.769247063207
OTHER OFFENSES,13,Game 1,-122.419834938618,37.7863580362743
WARRANTS,13,Game 1,-122.419834938618,37.7863580362743
DRUG/NARCOTIC,13,Game 1,-122.419834938618,37.7863580362743
DRUG/NARCOTIC,13,Game 1,-122.419834938618,37.7863580362743
OTHER OFFENSES,13,Game 1,-122.419834938618,37.7863580362743
NON-CRIMINAL,13,Game 1,-122.414613835412,37.8063927876763
FRAUD,13,Game 1,-122.419508197521,37.7888565421382
NON-CRIMINAL,13,Game 1,-122.419508197521,37.7888565421382
OTHER OFFENSES,13,Game 1,-122.417511996621,37.754691084878
TRESPASS,13,Game 1,-122.413069926397,37.7820204255866
ASSAULT,13,Game 1,-122.42168514592,37.7784891177293
NON-CRIMINAL,13,Game 1,-122.403404791479,37.775420706711
NON-CRIMINAL,12,Game 1,-122.41931732407,37.7879136979106
LARCENY/THEFT,12,Game 1,-122.437514206939,37.8042445406985
ASSAULT,12,Game 1,-122.404195424821,37.7912255174119
LARCENY/THEFT,12,Game 1,-122.414317857881,37.7799444052046
SUSPICIOUS OCC,12,Game 1,-122.399802145799,37.7880065324392
LARCENY/THEFT,12,Game 1,-122.401548064995,37.7929509214078
SUSPICIOUS OCC,12,Game 1,-122.422585696958,37.7873874125739
LARCENY/THEFT,12,Game 1,-122.421215384827,37.8056604413272
VEHICLE THEFT,12,Game 1,-122.412841871862,37.770188881149
LARCENY/THEFT,11,Game 1,-122.403070000847,37.7852686309087
LARCENY/THEFT,11,Game 1,-122.403404791479,37.775420706711
OTHER OFFENSES,11,Game 1,-122.41591119887,37.7752721501379
NON-CRIMINAL,11,Game 1,-122.413631253258,37.7848053746211
OTHER OFFENSES,11,Game 1,-122.41878651512,37.781478802561
LARCENY/THEFT,11,Game 1,-122.403404791479,37.775420706711
NON-CRIMINAL,10,Game 1,-122.405923026452,37.7786731294961
MISSING PERSON,10,Game 1,-122.404587336887,37.7707065329437
MISSING PERSON,10,Game 1,-122.404587336887,37.7707065329437
WARRANTS,10,Game 1,-122.419983447697,37.7682726763619
WARRANTS,10,Game 1,-122.419983447697,37.7682726763619
LARCENY/THEFT,10,Game 1,-122.403070886779,37.7877867423496
NON-CRIMINAL,10,Game 1,-122.40974351496,37.7951937307609
DRUNKENNESS,9,Game 1,-122.419671780296,37.7650501214668
SUSPICIOUS OCC,9,Game 1,-122.419671780296,37.7650501214668
ASSAULT,9,Game 1,-122.416389710283,37.7652491154383
OTHER OFFENSES,9,Game 1,-122.403404791479,37.775420706711
LARCENY/THEFT,9,Game 1,-122.413174494396,37.786719015554
NON-CRIMINAL,9,Game 1,-122.405832474482,37.7857446545609
VEHICLE THEFT,9,Game 1,-122.41940150486,37.7505727393139
ASSAULT,9,Game 1,-122.400916029025,37.7854574902997
VANDALISM,9,Game 1,-122.400916029025,37.7854574902997
MISSING PERSON,9,Game 1,-122.420571110949,37.7857331120575
SUSPICIOUS OCC,8,Game 1,-122.406539115148,37.7564864109309
NON-CRIMINAL,8,Game 1,-122.409791662293,37.7985083480435
LARCENY/THEFT,8,Game 1,-122.420120319204,37.7877570602411
FRAUD,8,Game 1,-122.399802145799,37.7880065324392
OTHER OFFENSES,8,Game 1,-122.399802145799,37.7880065324392
NON-CRIMINAL,8,Game 1,-122.412936201665,37.7772031520244
NON-CRIMINAL,7,Game 1,-122.420070483636,37.7649720006151
WARRANTS,6,Game 1,-122.41742986085,37.7785349354394
NON-CRIMINAL,6,Game 1,-122.41742986085,37.7785349354394
OTHER OFFENSES,6,Game 1,-122.412386379783,37.7825386747303
LARCENY/THEFT,5,Game 1,-122.405832474482,37.7857446545609
LARCENY/THEFT,3,Game 1,-122.411965795229,37.7849141859562
SUSPICIOUS OCC,3,Game 1,-122.395097774181,37.7940590485562
ASSAULT,3,Game 1,-122.414242955907,37.7837240254478
MISSING PERSON,3,Game 1,-122.419620657238,37.785672286426
MISSING PERSON,3,Game 1,-122.419620657238,37.785672286426
OTHER OFFENSES,3,Game 1,-122.416162192663,37.8019636159482
LARCENY/THEFT,2,Game 1,-122.408560037296,37.7825859895625
NON-CRIMINAL,2,Game 1,-122.407538332319,37.7657827544276
DRUG/NARCOTIC,2,Game 1,-122.423718618565,37.7981158175113
WARRANTS,2,Game 1,-122.423718618565,37.7981158175113
OTHER OFFENSES,2,Game 1,-122.423718618565,37.7981158175113
OTHER OFFENSES,2,Game 1,-122.419208249507,37.7602340753605
BURGLARY,2,Game 1,-122.404793641916,37.788804548889
OTHER OFFENSES,2,Game 1,-122.418486296575,37.7634954373144
NON-CRIMINAL,2,Game 1,-122.414217817669,37.774239170665
FORGERY/COUNTERFEITING,1,Game 1,-122.408710606663,37.7809706722053
NON-CRIMINAL,1,Game 1,-122.408710606663,37.7809706722053
"SEX OFFENSES, FORCIBLE",1,Game 1,-122.406481972743,37.7827317884887
DRIVING UNDER THE INFLUENCE,1,Game 1,-122.401658145147,37.7718165835839
SECONDARY CODES,1,Game 1,-122.41487855905,37.7826335031541
ASSAULT,1,Game 1,-122.41487855905,37.7826335031541
VEHICLE THEFT,0,Game 1,-122.420641893733,37.7819608221838
WARRANTS,0,Game 1,-122.420641893733,37.7819608221838
STOLEN PROPERTY,0,Game 1,-122.420641893733,37.7819608221838
OTHER OFFENSES,0,Game 1,-122.403404791479,37.775420706711
LARCENY/THEFT,0,Game 1,-122.408648588965,37.7849124714135
ASSAULT,0,Game 1,-122.412834332129,37.7777903094246
FRAUD,0,Game 1,-122.416042904272,37.7967523408109
OTHER OFFENSES,0,Game 1,-122.40105855061,37.7697754107768
WARRANTS,23,Game 2,-122.403404791479,37.775420706711
NON-CRIMINAL,23,Game 2,-122.412930522059,37.7838344374141
OTHER OFFENSES,23,Game 2,-122.4267565336,37.8039352307409
LARCENY/THEFT,23,Game 2,-122.423629929962,37.8004520191087
SUSPICIOUS OCC,23,Game 2,-122.421697814674,37.7803368946202
LARCENY/THEFT,22,Game 2,-122.415308388816,37.765316135635
BURGLARY,22,Game 2,-122.404961098866,37.7735168071747
OTHER OFFENSES,22,Game 2,-122.403208907607,37.77304964003
FRAUD,22,Game 2,-122.419257894814,37.7751462916539
FRAUD,22,Game 2,-122.419257894814,37.7751462916539
LARCENY/THEFT,22,Game 2,-122.413856144893,37.7942674004219
LARCENY/THEFT,21,Game 2,-122.439337465056,37.7994245989124
LARCENY/THEFT,21,Game 2,-122.400799947914,37.7799338672319
ASSAULT,21,Game 2,-122.410664828857,37.754258922424
NON-CRIMINAL,21,Game 2,-122.403404791479,37.775420706711
VANDALISM,21,Game 2,-122.426955631709,37.769247063207
DRUG/NARCOTIC,21,Game 2,-122.414593411257,37.7845808066125
OTHER OFFENSES,21,Game 2,-122.414593411257,37.7845808066125
OTHER OFFENSES,21,Game 2,-122.414593411257,37.7845808066125
LARCENY/THEFT,21,Game 2,-122.413398253422,37.7686709269248
LARCENY/THEFT,21,Game 2,-122.405294845215,37.7863072236365
LARCENY/THEFT,21,Game 2,-122.42884930341,37.8017021723327
LARCENY/THEFT,20,Game 2,-122.422536478306,37.7787958771466
VEHICLE THEFT,20,Game 2,-122.421231781955,37.7932574953959
ROBBERY,20,Game 2,-122.399392457561,37.7933368944757
LARCENY/THEFT,20,Game 2,-122.409391574893,37.7779765037999
LARCENY/THEFT,20,Game 2,-122.426228446916,37.7630312947078
NON-CRIMINAL,19,Game 2,-122.402142725311,37.7791933366389
LARCENY/THEFT,19,Game 2,-122.436275324778,37.8008126645682
LARCENY/THEFT,19,Game 2,-122.403404791479,37.775420706711
LARCENY/THEFT,19,Game 2,-122.403404791479,37.775420706711
LARCENY/THEFT,19,Game 2,-122.40354422656,37.7969934198176
LARCENY/THEFT,19,Game 2,-122.42219944483,37.8064351103515
LARCENY/THEFT,19,Game 2,-122.412515341356,37.7804777480508
LARCENY/THEFT,18,Game 2,-122.409738771906,37.7703482035454
LARCENY/THEFT,18,Game 2,-122.412784096502,37.7848656939526
LARCENY/THEFT,18,Game 2,-122.392273065499,37.7820805240546
LARCENY/THEFT,18,Game 2,-122.421395819115,37.7856843389472
VEHICLE THEFT,18,Game 2,-122.405517223277,37.7970642284992
LARCENY/THEFT,18,Game 2,-122.407244087032,37.7865647607685
LARCENY/THEFT,18,Game 2,-122.403404791479,37.775420706711
LARCENY/THEFT,18,Game 2,-122.405335349658,37.8022727860748
LARCENY/THEFT,18,Game 2,-122.394799124177,37.7805661978095
LARCENY/THEFT,18,Game 2,-122.413789467232,37.8065526529839
LARCENY/THEFT,17,Game 2,-122.403404791479,37.775420706711
NON-CRIMINAL,17,Game 2,-122.421747650463,37.7627436601147
BURGLARY,17,Game 2,-122.407544906452,37.7651192951994
BURGLARY,17,Game 2,-122.414390137578,37.7885452792081
LARCENY/THEFT,17,Game 2,-122.414390137578,37.7885452792081
LARCENY/THEFT,17,Game 2,-122.408384275542,37.7878271137225
STOLEN PROPERTY,17,Game 2,-122.414390137578,37.7885452792081
OTHER OFFENSES,17,Game 2,-122.393622739343,37.7830791191471
OTHER OFFENSES,17,Game 2,-122.403404791479,37.775420706711
DRUG/NARCOTIC,17,Game 2,-122.409286020933,37.7796593209531
WARRANTS,17,Game 2,-122.409286020933,37.7796593209531
LARCENY/THEFT,17,Game 2,-122.41941591946,37.7759046144223
LARCENY/THEFT,17,Game 2,-122.389008295709,37.7892474519723
LARCENY/THEFT,17,Game 2,-122.4168291485,37.788178697075
VEHICLE THEFT,17,Game 2,-122.422689341228,37.8001591449911
NON-CRIMINAL,16,Game 2,-122.419876917134,37.7695797471896
ROBBERY,16,Game 2,-122.40642786236,37.78710945429
LARCENY/THEFT,16,Game 2,-122.40642786236,37.78710945429
OTHER OFFENSES,16,Game 2,-122.40642786236,37.78710945429
VEHICLE THEFT,16,Game 2,-122.436696534576,37.802626951154
LARCENY/THEFT,16,Game 2,-122.419257894814,37.7751462916539
LARCENY/THEFT,16,Game 2,-122.413069926397,37.7820204255866
OTHER OFFENSES,16,Game 2,-122.419014133531,37.7993756454794
ASSAULT,16,Game 2,-122.413069926397,37.7820204255866
NON-CRIMINAL,16,Game 2,-122.413069926397,37.7820204255866
OTHER OFFENSES,16,Game 2,-122.398932711095,37.7837848211584
LARCENY/THEFT,16,Game 2,-122.41371122073,37.7796660426062
MISSING PERSON,16,Game 2,-122.406539115148,37.7564864109309
LARCENY/THEFT,16,Game 2,-122.422857719558,37.8054440413944
LARCENY/THEFT,16,Game 2,-122.407538332319,37.7657827544276
LARCENY/THEFT,16,Game 2,-122.403404791479,37.775420706711
SUSPICIOUS OCC,16,Game 2,-122.420665677867,37.7609363417435
MISSING PERSON,16,Game 2,-122.420665677867,37.7609363417435
MISSING PERSON,16,Game 2,-122.420665677867,37.7609363417435
VANDALISM,15,Game 2,-122.403404791479,37.775420706711
LARCENY/THEFT,15,Game 2,-122.421149407714,37.7761593097669
VEHICLE THEFT,15,Game 2,-122.425441324739,37.7974080855319
MISSING PERSON,15,Game 2,-122.41274032268,37.788755110963
ASSAULT,15,Game 2,-122.396305356237,37.7932572003309
DRUG/NARCOTIC,15,Game 2,-122.403404791479,37.775420706711
LARCENY/THEFT,15,Game 2,-122.443953520621,37.7969670160197
BURGLARY,15,Game 2,-122.401732658994,37.8004755106202
NON-CRIMINAL,15,Game 2,-122.415444159886,37.7780245674641
OTHER OFFENSES,15,Game 2,-122.417504703145,37.7765400380328
MISSING PERSON,15,Game 2,-122.406604919508,37.7571580431915
VEHICLE THEFT,15,Game 2,-122.419919551038,37.7972231716517
ASSAULT,14,Game 2,-122.418738265772,37.7546172382083
ASSAULT,14,Game 2,-122.403994862674,37.794611817992
VANDALISM,14,Game 2,-122.408427407542,37.7644278689168
LARCENY/THEFT,14,Game 2,-122.418699230301,37.7978168336941
BURGLARY,14,Game 2,-122.405895369887,37.7867342184983
LARCENY/THEFT,14,Game 2,-122.405895369887,37.7867342184983
ASSAULT,14,Game 2,-122.399617558782,37.7807906550067
OTHER OFFENSES,14,Game 2,-122.410135236377,37.7841889075267
LARCENY/THEFT,13,Game 2,-122.424503546569,37.8052346738166
LARCENY/THEFT,13,Game 2,-122.415605496237,37.7677177520665
WARRANTS,13,Game 2,-122.415605496237,37.7677177520665
DRUG/NARCOTIC,13,Game 2,-122.406690592261,37.7852071918419
DRUG/NARCOTIC,13,Game 2,-122.406690592261,37.7852071918419
WARRANTS,13,Game 2,-122.406690592261,37.7852071918419
OTHER OFFENSES,13,Game 2,-122.406690592261,37.7852071918419
LARCENY/THEFT,13,Game 2,-122.415605496237,37.7677177520665
NON-CRIMINAL,13,Game 2,-122.396421943768,37.7941447423704
LARCENY/THEFT,13,Game 2,-122.406021838484,37.7886491245294
OTHER OFFENSES,12,Game 2,-122.419930111611,37.7868262082156
OTHER OFFENSES,12,Game 2,-122.419930111611,37.7868262082156
OTHER OFFENSES,12,Game 2,-122.425628239423,37.7983417291162
OTHER OFFENSES,12,Game 2,-122.41316085097,37.7774566611807
LARCENY/THEFT,12,Game 2,-122.407633520742,37.7841893501425
WARRANTS,12,Game 2,-122.407633520742,37.7841893501425
LARCENY/THEFT,12,Game 2,-122.426955631709,37.769247063207
ASSAULT,12,Game 2,-122.414242955907,37.7837240254478
OTHER OFFENSES,12,Game 2,-122.408507461375,37.7910926840668
FORGERY/COUNTERFEITING,12,Game 2,-122.425986856564,37.8004824172702
NON-CRIMINAL,11,Game 2,-122.411987643595,37.7850226622786
NON-CRIMINAL,11,Game 2,-122.411987643595,37.7850226622786
LARCENY/THEFT,11,Game 2,-122.406520987144,37.7850629421661
NON-CRIMINAL,11,Game 2,-122.406970988225,37.7725273607571
SUSPICIOUS OCC,11,Game 2,-122.406970988225,37.7725273607571
SUSPICIOUS OCC,11,Game 2,-122.41029351969,37.7822305870036
OTHER OFFENSES,11,Game 2,-122.41029351969,37.7822305870036
LARCENY/THEFT,11,Game 2,-122.405955118452,37.7758609689912
ROBBERY,10,Game 2,-122.411979487494,37.7809039696758
DRUG/NARCOTIC,10,Game 2,-122.41967661615,37.7658510977435
DRUG/NARCOTIC,10,Game 2,-122.41967661615,37.7658510977435
DRUG/NARCOTIC,10,Game 2,-122.41967661615,37.7658510977435
DRUG/NARCOTIC,10,Game 2,-122.41967661615,37.7658510977435
OTHER OFFENSES,10,Game 2,-122.41967661615,37.7658510977435
DRUG/NARCOTIC,10,Game 2,-122.41967661615,37.7658510977435
WARRANTS,10,Game 2,-122.41967661615,37.7658510977435
NON-CRIMINAL,10,Game 2,-122.403404791479,37.775420706711
NON-CRIMINAL,10,Game 2,-122.400302421513,37.7777992290419
NON-CRIMINAL,10,Game 2,-122.398526760915,37.7853099928246
OTHER OFFENSES,10,Game 2,-122.411121491341,37.7542865460446
OTHER OFFENSES,10,Game 2,-122.406539115148,37.7564864109309
WARRANTS,10,Game 2,-122.405863212632,37.7980228452184
NON-CRIMINAL,10,Game 2,-122.412597377187,37.7839320277273
ASSAULT,10,Game 2,-122.418448186101,37.7522391652625
SECONDARY CODES,10,Game 2,-122.418448186101,37.7522391652625
LARCENY/THEFT,10,Game 2,-122.403404791479,37.775420706711
NON-CRIMINAL,10,Game 2,-122.400963232904,37.7926022172518
NON-CRIMINAL,10,Game 2,-122.419448185224,37.7802091894281
NON-CRIMINAL,10,Game 2,-122.419448185224,37.7802091894281
NON-CRIMINAL,10,Game 2,-122.419448185224,37.7802091894281
ASSAULT,10,Game 2,-122.419448185224,37.7802091894281
LARCENY/THEFT,9,Game 2,-122.41113552527,37.8058701106587
LARCENY/THEFT,9,Game 2,-122.41417943719,37.787502483207
NON-CRIMINAL,9,Game 2,-122.406539115148,37.7564864109309
NON-CRIMINAL,9,Game 2,-122.419257894814,37.7751462916539
LARCENY/THEFT,9,Game 2,-122.42255183813,37.7720390855691
VEHICLE THEFT,9,Game 2,-122.419404206594,37.7925922910686
NON-CRIMINAL,9,Game 2,-122.418587172219,37.7530186537446
NON-CRIMINAL,9,Game 2,-122.418360181974,37.7831498978211
NON-CRIMINAL,8,Game 2,-122.424854040258,37.7707478792597
OTHER OFFENSES,8,Game 2,-122.401668404902,37.7705283528618
LARCENY/THEFT,8,Game 2,-122.403070000847,37.7852686309087
OTHER OFFENSES,8,Game 2,-122.426569448149,37.8029960984003
OTHER OFFENSES,7,Game 2,-122.403404791479,37.775420706711
NON-CRIMINAL,7,Game 2,-122.405941469147,37.7904631779771
LARCENY/THEFT,7,Game 2,-122.415435473094,37.8063418891813
LARCENY/THEFT,7,Game 2,-122.419671780296,37.7650501214668
OTHER OFFENSES,7,Game 2,-122.419671780296,37.7650501214668
OTHER OFFENSES,7,Game 2,-122.403404791479,37.775420706711
MISSING PERSON,6,Game 2,-122.417270975533,37.7571885589512
FORGERY/COUNTERFEITING,6,Game 2,-122.404718428538,37.797221829197
ASSAULT,5,Game 2,-122.403434086745,37.78764305018
ASSAULT,4,Game 2,-122.403404791479,37.775420706711
OTHER OFFENSES,4,Game 2,-122.423178695677,37.7903172966364
BURGLARY,3,Game 2,-122.403196488541,37.7963996843639
ROBBERY,2,Game 2,-122.417367329727,37.7828626236813
DRUG/NARCOTIC,2,Game 2,-122.409282266623,37.7756858832791
WARRANTS,2,Game 2,-122.409282266623,37.7756858832791
SECONDARY CODES,2,Game 2,-122.420494661635,37.7618219325945
OTHER OFFENSES,2,Game 2,-122.420494661635,37.7618219325945
ASSAULT,2,Game 2,-122.410078900052,37.7964932384054
VANDALISM,2,Game 2,-122.410078900052,37.7964932384054
ROBBERY,2,Game 2,-122.413679376888,37.7809258336852
LARCENY/THEFT,1,Game 2,-122.395153862803,37.7892350328802
LARCENY/THEFT,1,Game 2,-122.398261647342,37.7867787589097
WARRANTS,1,Game 2,-122.406539115148,37.7564864109309
FRAUD,1,Game 2,-122.406539115148,37.7564864109309
ASSAULT,0,Game 2,-122.396661415271,37.7730956120037
ROBBERY,0,Game 2,-122.408068345148,37.7839916768161
OTHER OFFENSES,0,Game 2,-122.408597386677,37.789224205873
ASSAULT,0,Game 2,-122.415142222785,37.7491658872937
SUSPICIOUS OCC,0,Game 2,-122.393357241451,37.7757876218293
LARCENY/THEFT,23,Game 3,-122.397615567933,37.7773918242817
LARCENY/THEFT,23,Game 3,-122.410065781604,37.7749906792593
VEHICLE THEFT,23,Game 3,-122.396849015172,37.780527578509
VEHICLE THEFT,23,Game 3,-122.396849015172,37.780527578509
NON-CRIMINAL,23,Game 3,-122.403980132448,37.7964121687875
NON-CRIMINAL,23,Game 3,-122.396849015172,37.780527578509
WARRANTS,23,Game 3,-122.411615075408,37.7831614109395
NON-CRIMINAL,23,Game 3,-122.394548293028,37.7766651941599
SUSPICIOUS OCC,23,Game 3,-122.414302052544,37.781863316866
WARRANTS,23,Game 3,-122.408162953857,37.7805345385278
WARRANTS,23,Game 3,-122.408162953857,37.7805345385278
NON-CRIMINAL,23,Game 3,-122.426228446916,37.7630312947078
LARCENY/THEFT,23,Game 3,-122.392753573574,37.7788518670227
LARCENY/THEFT,23,Game 3,-122.409925328419,37.7877640990096
NON-CRIMINAL,22,Game 3,-122.42019129512,37.7838703920898
VANDALISM,22,Game 3,-122.410313788739,37.8060266607919
VEHICLE THEFT,22,Game 3,-122.406749745573,37.7984850291391
SUSPICIOUS OCC,22,Game 3,-122.410313788739,37.8060266607919
ASSAULT,22,Game 3,-122.405582629186,37.7854659679151
LARCENY/THEFT,22,Game 3,-122.403404791479,37.775420706711
LARCENY/THEFT,22,Game 3,-122.420326993863,37.7884521578132
LARCENY/THEFT,22,Game 3,-122.397816589532,37.7846680653938
DRUNKENNESS,22,Game 3,-122.408648588965,37.7849124714135
LARCENY/THEFT,22,Game 3,-122.403404791479,37.775420706711
LARCENY/THEFT,22,Game 3,-122.409523740653,37.7857602954934
WARRANTS,21,Game 3,-122.415929849548,37.7604330003754
OTHER OFFENSES,21,Game 3,-122.415929849548,37.7604330003754
ROBBERY,21,Game 3,-122.394886569527,37.7804801938296
ASSAULT,21,Game 3,-122.394886569527,37.7804801938296
WEAPON LAWS,21,Game 3,-122.394886569527,37.7804801938296
TRESPASS,21,Game 3,-122.403404791479,37.775420706711
WARRANTS,21,Game 3,-122.413163134276,37.7749926445385
ASSAULT,21,Game 3,-122.421118473704,37.7569011511725
LARCENY/THEFT,21,Game 3,-122.418761852243,37.7935190958908
OTHER OFFENSES,21,Game 3,-122.415885065788,37.7835160564153
WARRANTS,21,Game 3,-122.415885065788,37.7835160564153
ASSAULT,21,Game 3,-122.414029821727,37.7823291237659
VEHICLE THEFT,21,Game 3,-122.413398253422,37.7686709269248
SUSPICIOUS OCC,21,Game 3,-122.417019320691,37.7891095538736
NON-CRIMINAL,21,Game 3,-122.403971269057,37.784828309361
PROSTITUTION,20,Game 3,-122.410699657634,37.7869881885308
LARCENY/THEFT,20,Game 3,-122.416374835778,37.7644225165568
OTHER OFFENSES,20,Game 3,-122.393460953167,37.7794975702131
SUSPICIOUS OCC,20,Game 3,-122.390027243495,37.7762997888042
NON-CRIMINAL,20,Game 3,-122.390027243495,37.7762997888042
PROSTITUTION,20,Game 3,-122.410699657634,37.7869881885308
OTHER OFFENSES,20,Game 3,-122.392237353343,37.7785204661785
OTHER OFFENSES,20,Game 3,-122.392237353343,37.7785204661785
LARCENY/THEFT,20,Game 3,-122.389639531543,37.7862250418081
LARCENY/THEFT,20,Game 3,-122.406460320184,37.7947041509893
LARCENY/THEFT,20,Game 3,-122.420189545153,37.7731154225719
LARCENY/THEFT,20,Game 3,-122.403404791479,37.775420706711
LARCENY/THEFT,20,Game 3,-122.403404791479,37.775420706711
NON-CRIMINAL,20,Game 3,-122.408648588965,37.7849124714135
WARRANTS,20,Game 3,-122.417357825425,37.8032938546353
STOLEN PROPERTY,20,Game 3,-122.417357825425,37.8032938546353
LARCENY/THEFT,20,Game 3,-122.403070000847,37.7852686309087
LARCENY/THEFT,20,Game 3,-122.41248326348,37.7706305910776
LARCENY/THEFT,20,Game 3,-122.423619488896,37.7717157193406
LARCENY/THEFT,20,Game 3,-122.423619488896,37.7717157193406
FRAUD,20,Game 3,-122.422409727953,37.794866109474
LARCENY/THEFT,20,Game 3,-122.403404791479,37.775420706711
VANDALISM,20,Game 3,-122.422790982118,37.7935231997019
NON-CRIMINAL,20,Game 3,-122.414010814727,37.7866770011071
BURGLARY,20,Game 3,-122.417970141118,37.8022023203709
ASSAULT,19,Game 3,-122.391425069857,37.7778727797586
OTHER OFFENSES,19,Game 3,-122.417504703145,37.7765400380328
NON-CRIMINAL,19,Game 3,-122.41965834371,37.7642205603745
PROSTITUTION,19,Game 3,-122.410699657634,37.7869881885308
NON-CRIMINAL,19,Game 3,-122.411939261411,37.7711341126595
FRAUD,19,Game 3,-122.409031505971,37.7992531925554
SECONDARY CODES,19,Game 3,-122.409031505971,37.7992531925554
LARCENY/THEFT,19,Game 3,-122.422723432064,37.7843237549534
LARCENY/THEFT,19,Game 3,-122.40747925259,37.7823625392664
LARCENY/THEFT,19,Game 3,-122.413354187018,37.7690748003847
LARCENY/THEFT,19,Game 3,-122.416389710283,37.7652491154383
OTHER OFFENSES,19,Game 3,-122.40071180486,37.8023845020592
LARCENY/THEFT,19,Game 3,-122.403404791479,37.775420706711
LARCENY/THEFT,19,Game 3,-122.393792694385,37.780568189983
VANDALISM,18,Game 3,-122.419515708406,37.7634292328496
VANDALISM,18,Game 3,-122.408433097286,37.7967039278443
ASSAULT,18,Game 3,-122.418448186101,37.7522391652625
OTHER OFFENSES,18,Game 3,-122.40865661986,37.7974686241104
LARCENY/THEFT,18,Game 3,-122.391425069857,37.7778727797586
LARCENY/THEFT,18,Game 3,-122.414822317443,37.8074314598723
LARCENY/THEFT,18,Game 3,-122.390709004862,37.7877493946489
"SEX OFFENSES, FORCIBLE",18,Game 3,-122.403404791479,37.775420706711
OTHER OFFENSES,18,Game 3,-122.403404791479,37.775420706711
VANDALISM,18,Game 3,-122.40021603879,37.7948030325182
SUSPICIOUS OCC,18,Game 3,-122.391425069857,37.7778727797586
"SEX OFFENSES, FORCIBLE",18,Game 3,-122.403404791479,37.775420706711
NON-CRIMINAL,18,Game 3,-122.403404791479,37.775420706711
VANDALISM,18,Game 3,-122.404223195649,37.7916902259131
ROBBERY,18,Game 3,-122.421215384827,37.8056604413272
LARCENY/THEFT,18,Game 3,-122.404270179486,37.7844788538745
LARCENY/THEFT,18,Game 3,-122.426228446916,37.7630312947078
LARCENY/THEFT,18,Game 3,-122.412826648024,37.772811562575
BURGLARY,18,Game 3,-122.399666635598,37.7973662616848
BURGLARY,18,Game 3,-122.399666635598,37.7973662616848
LARCENY/THEFT,18,Game 3,-122.41799760821,37.7769551138436
BURGLARY,18,Game 3,-122.399666635598,37.7973662616848
LARCENY/THEFT,18,Game 3,-122.403404791479,37.775420706711
LARCENY/THEFT,18,Game 3,-122.411615075408,37.7831614109395
NON-CRIMINAL,17,Game 3,-122.400922761049,37.794959803128
ASSAULT,17,Game 3,-122.412515341356,37.7804777480508
WEAPON LAWS,17,Game 3,-122.390858609124,37.779096360374
VANDALISM,17,Game 3,-122.424412715064,37.7680054163824
NON-CRIMINAL,17,Game 3,-122.419671780296,37.7650501214668
LARCENY/THEFT,17,Game 3,-122.407685897302,37.7670824029841
PROSTITUTION,17,Game 3,-122.410699657634,37.7869881885308
FRAUD,17,Game 3,-122.391425069857,37.7778727797586
ASSAULT,17,Game 3,-122.411987643595,37.7850226622786
ASSAULT,17,Game 3,-122.391425069857,37.7778727797586
DRUNKENNESS,17,Game 3,-122.391425069857,37.7778727797586
WARRANTS,17,Game 3,-122.391425069857,37.7778727797586
LARCENY/THEFT,17,Game 3,-122.403434086745,37.78764305018
ASSAULT,17,Game 3,-122.414056291891,37.7827931071006
LARCENY/THEFT,17,Game 3,-122.436275324778,37.8008126645682
LARCENY/THEFT,17,Game 3,-122.403404791479,37.775420706711
PROSTITUTION,17,Game 3,-122.410699657634,37.7869881885308
LARCENY/THEFT,17,Game 3,-122.41185703254,37.7883235449904
ASSAULT,17,Game 3,-122.418108925859,37.7594801325769
STOLEN PROPERTY,17,Game 3,-122.391425069857,37.7778727797586
OTHER OFFENSES,17,Game 3,-122.391425069857,37.7778727797586
NON-CRIMINAL,16,Game 3,-122.410955248906,37.7841399509594
ASSAULT,16,Game 3,-122.419858465007,37.7627429027065
LARCENY/THEFT,16,Game 3,-122.399601470273,37.7918112576067
FRAUD,16,Game 3,-122.399601470273,37.7918112576067
ASSAULT,16,Game 3,-122.419858465007,37.7627429027065
OTHER OFFENSES,16,Game 3,-122.419520367886,37.764228935718
NON-CRIMINAL,16,Game 3,-122.408685885018,37.7761558110245
LARCENY/THEFT,16,Game 3,-122.404847847867,37.7951006528052
DRUG/NARCOTIC,16,Game 3,-122.403464080033,37.7785233776032
OTHER OFFENSES,16,Game 3,-122.403464080033,37.7785233776032
BURGLARY,16,Game 3,-122.399666635598,37.7973662616848
DRUG/NARCOTIC,16,Game 3,-122.415669661443,37.7821198488931
DRUG/NARCOTIC,16,Game 3,-122.415669661443,37.7821198488931
OTHER OFFENSES,16,Game 3,-122.415669661443,37.7821198488931
WARRANTS,16,Game 3,-122.415669661443,37.7821198488931
ASSAULT,16,Game 3,-122.389595283252,37.7798611974198
OTHER OFFENSES,16,Game 3,-122.389595283252,37.7798611974198
OTHER OFFENSES,16,Game 3,-122.389595283252,37.7798611974198
LARCENY/THEFT,16,Game 3,-122.422684132056,37.7511637962241
PROSTITUTION,15,Game 3,-122.410699657634,37.7869881885308
ASSAULT,15,Game 3,-122.419609427562,37.7761348421429
MISSING PERSON,15,Game 3,-122.406604919508,37.7571580431915
MISSING PERSON,15,Game 3,-122.406604919508,37.7571580431915
PROSTITUTION,15,Game 3,-122.410699657634,37.7869881885308
LARCENY/THEFT,15,Game 3,-122.416476781629,37.7947769992029
ROBBERY,15,Game 3,-122.411742515582,37.7858882195106
ASSAULT,15,Game 3,-122.411742515582,37.7858882195106
VANDALISM,15,Game 3,-122.411742515582,37.7858882195106
PROSTITUTION,15,Game 3,-122.410699657634,37.7869881885308
ASSAULT,15,Game 3,-122.40504699065,37.792616896353
NON-CRIMINAL,15,Game 3,-122.409791662293,37.7985083480435
"SEX OFFENSES, FORCIBLE",15,Game 3,-122.411339562557,37.7812707434494
WARRANTS,14,Game 3,-122.403404791479,37.775420706711
WARRANTS,14,Game 3,-122.403404791479,37.775420706711
PROSTITUTION,14,Game 3,-122.410699657634,37.7869881885308
LARCENY/THEFT,14,Game 3,-122.419799431133,37.8029252064148
ASSAULT,14,Game 3,-122.410541166987,37.7709130566165
LARCENY/THEFT,14,Game 3,-122.420666812024,37.8028627711287
BURGLARY,14,Game 3,-122.422558408222,37.7789043433116
OTHER OFFENSES,14,Game 3,-122.410793915482,37.780832063096
WARRANTS,14,Game 3,-122.410793915482,37.780832063096
LARCENY/THEFT,14,Game 3,-122.416607695115,37.7791387543353
ASSAULT,14,Game 3,-122.419234662317,37.7757784176924
LARCENY/THEFT,14,Game 3,-122.40747925259,37.7823625392664
LARCENY/THEFT,14,Game 3,-122.390462451214,37.790393971625
LARCENY/THEFT,14,Game 3,-122.4337848137,37.8010749308469
VANDALISM,13,Game 3,-122.403404791479,37.775420706711
PROSTITUTION,13,Game 3,-122.410699657634,37.7869881885308
NON-CRIMINAL,13,Game 3,-122.416236885192,37.7644311471854
NON-CRIMINAL,13,Game 3,-122.39094664724,37.7851593943218
NON-CRIMINAL,13,Game 3,-122.39094664724,37.7851593943218
DRUG/NARCOTIC,13,Game 3,-122.414317857881,37.7799444052046
VANDALISM,13,Game 3,-122.417052760277,37.7973061821909
SUSPICIOUS OCC,13,Game 3,-122.401553026249,37.7930615497479
BURGLARY,12,Game 3,-122.404080212938,37.7996558407645
LARCENY/THEFT,12,Game 3,-122.404080212938,37.7996558407645
LARCENY/THEFT,12,Game 3,-122.415642487855,37.7788323158792
FRAUD,12,Game 3,-122.398063445395,37.7795658460293
OTHER OFFENSES,12,Game 3,-122.411328369311,37.7859963050476
OTHER OFFENSES,12,Game 3,-122.411328369311,37.7859963050476
LARCENY/THEFT,12,Game 3,-122.407932562167,37.779050608887
OTHER OFFENSES,12,Game 3,-122.395021745914,37.7753128522284
FAMILY OFFENSES,11,Game 3,-122.406539115148,37.7564864109309
WARRANTS,11,Game 3,-122.403404791479,37.775420706711
SUSPICIOUS OCC,11,Game 3,-122.403404791479,37.775420706711
LARCENY/THEFT,11,Game 3,-122.423477953324,37.7834532119734
NON-CRIMINAL,11,Game 3,-122.405064813074,37.7850482514687
OTHER OFFENSES,11,Game 3,-122.411328369311,37.7859963050476
OTHER OFFENSES,11,Game 3,-122.411328369311,37.7859963050476
NON-CRIMINAL,11,Game 3,-122.409035282337,37.7999845229184
LARCENY/THEFT,11,Game 3,-122.416607695115,37.7791387543353
OTHER OFFENSES,11,Game 3,-122.421949487547,37.7884881521135
LARCENY/THEFT,11,Game 3,-122.405427162783,37.7712969876277
OTHER OFFENSES,11,Game 3,-122.39721366868,37.7945638654846
ROBBERY,11,Game 3,-122.417368206741,37.7905094151595
WEAPON LAWS,11,Game 3,-122.417368206741,37.7905094151595
WARRANTS,11,Game 3,-122.417368206741,37.7905094151595
OTHER OFFENSES,11,Game 3,-122.417368206741,37.7905094151595
SUSPICIOUS OCC,11,Game 3,-122.417368206741,37.7905094151595
ASSAULT,10,Game 3,-122.415448759562,37.778293520129
LARCENY/THEFT,10,Game 3,-122.442649696374,37.798999247001
WARRANTS,10,Game 3,-122.406179415424,37.7706221909544
DISORDERLY CONDUCT,10,Game 3,-122.418930302924,37.8073502516323
ASSAULT,10,Game 3,-122.418930302924,37.8073502516323
DISORDERLY CONDUCT,10,Game 3,-122.418930302924,37.8073502516323
LARCENY/THEFT,10,Game 3,-122.414822317443,37.8074314598723
SUSPICIOUS OCC,10,Game 3,-122.41420144235,37.7876109394648
DRUNKENNESS,9,Game 3,-122.414089364246,37.7532912232268
WARRANTS,9,Game 3,-122.414089364246,37.7532912232268
STOLEN PROPERTY,9,Game 3,-122.414089364246,37.7532912232268
ASSAULT,9,Game 3,-122.403404791479,37.775420706711
OTHER OFFENSES,9,Game 3,-122.41591119887,37.7752721501379
SUSPICIOUS OCC,9,Game 3,-122.411800134753,37.7840890366868
BURGLARY,9,Game 3,-122.402130610278,37.7993635026487
LARCENY/THEFT,9,Game 3,-122.419458073153,37.7844990197997
FRAUD,9,Game 3,-122.406690592261,37.7852071918419
NON-CRIMINAL,9,Game 3,-122.406690592261,37.7852071918419
LARCENY/THEFT,9,Game 3,-122.399931233001,37.7927338103903
NON-CRIMINAL,9,Game 3,-122.410157073911,37.7842973843312
OTHER OFFENSES,9,Game 3,-122.419508197521,37.7888565421382
WEAPON LAWS,9,Game 3,-122.419508197521,37.7888565421382
WEAPON LAWS,9,Game 3,-122.419508197521,37.7888565421382
ASSAULT,9,Game 3,-122.405359371753,37.7859774761625
SUSPICIOUS OCC,9,Game 3,-122.389008295709,37.7892474519723
NON-CRIMINAL,9,Game 3,-122.416010946957,37.7882266719693
NON-CRIMINAL,9,Game 3,-122.411615075408,37.7831614109395
WARRANTS,8,Game 3,-122.416552635487,37.7668698952007
NON-CRIMINAL,8,Game 3,-122.421747650463,37.7627436601147
OTHER OFFENSES,8,Game 3,-122.394097734639,37.7789944686376
BURGLARY,8,Game 3,-122.415444159886,37.7780245674641
DRUG/NARCOTIC,7,Game 3,-122.413869632554,37.7818621883021
OTHER OFFENSES,7,Game 3,-122.413869632554,37.7818621883021
WARRANTS,7,Game 3,-122.413869632554,37.7818621883021
LARCENY/THEFT,7,Game 3,-122.411339562557,37.7812707434494
SUSPICIOUS OCC,7,Game 3,-122.426357450236,37.7660086430173
VEHICLE THEFT,7,Game 3,-122.415946503667,37.7918350425142
MISSING PERSON,7,Game 3,-122.415946503667,37.7918350425142
ASSAULT,7,Game 3,-122.411987643595,37.7850226622786
NON-CRIMINAL,7,Game 3,-122.410248918994,37.7623778857458
VEHICLE THEFT,7,Game 3,-122.410063526465,37.7877545532701
NON-CRIMINAL,6,Game 3,-122.419108015303,37.7994808566351
SUSPICIOUS OCC,6,Game 3,-122.409708423721,37.7828276498838
TRESPASS,6,Game 3,-122.409708423721,37.7828276498838
DRIVING UNDER THE INFLUENCE,6,Game 3,-122.411279189969,37.7715785765043
NON-CRIMINAL,6,Game 3,-122.420874632415,37.7914943051906
VEHICLE THEFT,6,Game 3,-122.419641420429,37.7854327313929
VANDALISM,5,Game 3,-122.407708273853,37.803432762656
WARRANTS,4,Game 3,-122.417451396276,37.7731347307973
OTHER OFFENSES,3,Game 3,-122.412690142308,37.7493688284532
ROBBERY,2,Game 3,-122.413771304802,37.7493045778658
BURGLARY,2,Game 3,-122.411339562557,37.7812707434494
ASSAULT,1,Game 3,-122.417295322526,37.7862578545865
ASSAULT,1,Game 3,-122.4055247968,37.7977714997338
LARCENY/THEFT,1,Game 3,-122.41417943719,37.787502483207
NON-CRIMINAL,1,Game 3,-122.416342977622,37.7824465135592
OTHER OFFENSES,0,Game 3,-122.412277228876,37.7994155542754
VANDALISM,0,Game 3,-122.406539115148,37.7564864109309
TRESPASS,0,Game 3,-122.411216405781,37.7623206159303
ASSAULT,0,Game 3,-122.411216405781,37.7623206159303
LARCENY/THEFT,0,Game 3,-122.400377994049,37.7826462926371
ASSAULT,0,Game 3,-122.414554947333,37.7893683441939
KIDNAPPING,0,Game 3,-122.414554947333,37.7893683441939
NON-CRIMINAL,0,Game 3,-122.403434086745,37.78764305018
WARRANTS,0,Game 3,-122.419827929961,37.7666737551835
OTHER OFFENSES,0,Game 3,-122.419827929961,37.7666737551835
ASSAULT,0,Game 3,-122.403404791479,37.775420706711
NON-CRIMINAL,0,Game 3,-122.403404791479,37.775420706711
MISSING PERSON,0,Game 3,-122.416607695115,37.7791387543353
KIDNAPPING,23,Game 4,-122.403860419019,37.7798137203933
ASSAULT,23,Game 4,-122.403860419019,37.7798137203933
OTHER OFFENSES,23,Game 4,-122.403860419019,37.7798137203933
OTHER OFFENSES,23,Game 4,-122.403860419019,37.7798137203933
NON-CRIMINAL,23,Game 4,-122.419138917835,37.7485731311009
ASSAULT,23,Game 4,-122.416710633703,37.7563479680934
DRUNKENNESS,23,Game 4,-122.416710633703,37.7563479680934
ASSAULT,23,Game 4,-122.410955248906,37.7841399509594
VANDALISM,23,Game 4,-122.400739943377,37.7822783092834
ASSAULT,23,Game 4,-122.410955248906,37.7841399509594
NON-CRIMINAL,22,Game 4,-122.41275532583,37.7867259286124
NON-CRIMINAL,22,Game 4,-122.420691680792,37.7905770710537
LARCENY/THEFT,22,Game 4,-122.403499804591,37.7964183278993
VEHICLE THEFT,22,Game 4,-122.41796448376,37.7586968166489
LARCENY/THEFT,22,Game 4,-122.406831986427,37.7969028838908
LARCENY/THEFT,22,Game 4,-122.409614596783,37.7899992253577
SUSPICIOUS OCC,22,Game 4,-122.400748631911,37.7911776792224
LARCENY/THEFT,22,Game 4,-122.405492182184,37.7961122899113
LARCENY/THEFT,22,Game 4,-122.418045452768,37.7775118895695
LARCENY/THEFT,22,Game 4,-122.40838337313,37.7763172146255
MISSING PERSON,22,Game 4,-122.406604919508,37.7571580431915
MISSING PERSON,22,Game 4,-122.406604919508,37.7571580431915
ASSAULT,22,Game 4,-122.421200855641,37.7617789684305
ASSAULT,22,Game 4,-122.421200855641,37.7617789684305
SECONDARY CODES,22,Game 4,-122.421200855641,37.7617789684305
LARCENY/THEFT,22,Game 4,-122.3982226939,37.7720161231813
LARCENY/THEFT,22,Game 4,-122.40218600999,37.7788388606775
LARCENY/THEFT,22,Game 4,-122.403404791479,37.775420706711
BURGLARY,21,Game 4,-122.418738265772,37.7546172382083
LARCENY/THEFT,21,Game 4,-122.418738265772,37.7546172382083
OTHER OFFENSES,21,Game 4,-122.409175171456,37.7920414139396
NON-CRIMINAL,21,Game 4,-122.423156806774,37.7902088255652
FRAUD,21,Game 4,-122.41644364341,37.8071179730665
LARCENY/THEFT,21,Game 4,-122.391845617192,37.778124778322
LARCENY/THEFT,21,Game 4,-122.410365570579,37.7643113176295
ARSON,21,Game 4,-122.418587172219,37.7530186537446
ASSAULT,21,Game 4,-122.396374439116,37.7980532528058
LARCENY/THEFT,21,Game 4,-122.413210338057,37.7956578490762
LARCENY/THEFT,21,Game 4,-122.422388599852,37.7648319521443
NON-CRIMINAL,21,Game 4,-122.407702149718,37.7706967930865
LARCENY/THEFT,21,Game 4,-122.394102624525,37.7763827130285
LARCENY/THEFT,21,Game 4,-122.392753573574,37.7788518670227
LARCENY/THEFT,21,Game 4,-122.423321421434,37.7680170125986
NON-CRIMINAL,21,Game 4,-122.418753848152,37.7562250119744
VEHICLE THEFT,20,Game 4,-122.413013784095,37.7943195605238
LARCENY/THEFT,20,Game 4,-122.413361136168,37.77636280535
VANDALISM,20,Game 4,-122.413354187018,37.7690748003847
DRUNKENNESS,20,Game 4,-122.391125079525,37.7775539965755
OTHER OFFENSES,20,Game 4,-122.391125079525,37.7775539965755
ROBBERY,20,Game 4,-122.40950430935,37.781526271747
ASSAULT,20,Game 4,-122.40950430935,37.781526271747
KIDNAPPING,20,Game 4,-122.40950430935,37.781526271747
OTHER OFFENSES,20,Game 4,-122.417104895556,37.7743242867908
WARRANTS,20,Game 4,-122.417104895556,37.7743242867908
VEHICLE THEFT,20,Game 4,-122.414809966357,37.7865194111614
NON-CRIMINAL,20,Game 4,-122.407039055082,37.7807565183591
NON-CRIMINAL,20,Game 4,-122.403070886779,37.7877867423496
LARCENY/THEFT,20,Game 4,-122.419746672441,37.7768249826327
LARCENY/THEFT,20,Game 4,-122.419746672441,37.7768249826327
NON-CRIMINAL,20,Game 4,-122.419746672441,37.7768249826327
VANDALISM,20,Game 4,-122.403404791479,37.775420706711
STOLEN PROPERTY,20,Game 4,-122.414809966357,37.7865194111614
OTHER OFFENSES,20,Game 4,-122.414809966357,37.7865194111614
OTHER OFFENSES,20,Game 4,-122.414809966357,37.7865194111614
LARCENY/THEFT,19,Game 4,-122.420516716751,37.7771391830192
NON-CRIMINAL,19,Game 4,-122.420516716751,37.7771391830192
SUSPICIOUS OCC,19,Game 4,-122.413367079047,37.7509373207487
ASSAULT,19,Game 4,-122.411800134753,37.7840890366868
LARCENY/THEFT,19,Game 4,-122.406831986427,37.7969028838908
LARCENY/THEFT,19,Game 4,-122.411279189969,37.7715785765043
LARCENY/THEFT,19,Game 4,-122.410979175673,37.784625434984
NON-CRIMINAL,19,Game 4,-122.413609328985,37.784696907904
LARCENY/THEFT,19,Game 4,-122.408421116922,37.7835699386918
LARCENY/THEFT,19,Game 4,-122.423031175088,37.7854818747419
SUSPICIOUS OCC,19,Game 4,-122.415694922134,37.7825851968467
LARCENY/THEFT,19,Game 4,-122.411279189969,37.7715785765043
LARCENY/THEFT,19,Game 4,-122.426696478904,37.7678692203902
SUSPICIOUS OCC,19,Game 4,-122.415694922134,37.7825851968467
NON-CRIMINAL,18,Game 4,-122.391425069857,37.7778727797586
LARCENY/THEFT,18,Game 4,-122.398699116407,37.7988800262599
LARCENY/THEFT,18,Game 4,-122.422139511488,37.7894107633457
BURGLARY,18,Game 4,-122.405618748152,37.7903200915161
NON-CRIMINAL,18,Game 4,-122.405618748152,37.7903200915161
LARCENY/THEFT,18,Game 4,-122.403404791479,37.775420706711
VANDALISM,18,Game 4,-122.419067224379,37.8073339305952
LARCENY/THEFT,18,Game 4,-122.402527594665,37.7760382838346
LARCENY/THEFT,18,Game 4,-122.404934413339,37.7814987213218
LARCENY/THEFT,18,Game 4,-122.403404791479,37.775420706711
VEHICLE THEFT,18,Game 4,-122.422807797991,37.7968476371516
LARCENY/THEFT,17,Game 4,-122.415317966992,37.7807179285998
VANDALISM,17,Game 4,-122.415317966992,37.7807179285998
LARCENY/THEFT,17,Game 4,-122.398758596964,37.776568769743
LARCENY/THEFT,17,Game 4,-122.403404791479,37.775420706711
LARCENY/THEFT,17,Game 4,-122.403404791479,37.775420706711
OTHER OFFENSES,17,Game 4,-122.424261978935,37.7956840509491
LARCENY/THEFT,16,Game 4,-122.419930111611,37.7868262082156
LARCENY/THEFT,16,Game 4,-122.411540447656,37.78740983565
WARRANTS,16,Game 4,-122.413045971966,37.7738617771611
ASSAULT,16,Game 4,-122.413045971966,37.7738617771611
NON-CRIMINAL,16,Game 4,-122.426955631709,37.769247063207
VANDALISM,16,Game 4,-122.405248892811,37.7816735402084
LARCENY/THEFT,16,Game 4,-122.391425069857,37.7778727797586
NON-CRIMINAL,10,Game 4,-122.409853729941,37.7833862379382
ROBBERY,16,Game 4,-122.403919148357,37.7871160984672
ASSAULT,16,Game 4,-122.403919148357,37.7871160984672
WEAPON LAWS,16,Game 4,-122.403919148357,37.7871160984672
LARCENY/THEFT,16,Game 4,-122.395163154488,37.7843096998676
NON-CRIMINAL,16,Game 4,-122.412930522059,37.7838344374141
VEHICLE THEFT,16,Game 4,-122.408312572709,37.7624827554494
VEHICLE THEFT,16,Game 4,-122.408312572709,37.7624827554494
SUSPICIOUS OCC,16,Game 4,-122.412933062384,37.7739274524819
LARCENY/THEFT,16,Game 4,-122.417672923626,37.7881242734432
OTHER OFFENSES,16,Game 4,-122.40784335615,37.7977773593589
NON-CRIMINAL,15,Game 4,-122.412078903704,37.7897391550377
BURGLARY,15,Game 4,-122.419101058487,37.7584120495369
ASSAULT,15,Game 4,-122.419515708406,37.7634292328496
ASSAULT,15,Game 4,-122.419515708406,37.7634292328496
LARCENY/THEFT,15,Game 4,-122.390027243495,37.7762997888042
LARCENY/THEFT,15,Game 4,-122.43607929991,37.8003499418185
LARCENY/THEFT,15,Game 4,-122.400702308547,37.7798560085262
NON-CRIMINAL,15,Game 4,-122.426955631709,37.769247063207
ASSAULT,15,Game 4,-122.406520987144,37.7850629421661
DRUG/NARCOTIC,15,Game 4,-122.415508242782,37.7816542806076
DRUG/NARCOTIC,15,Game 4,-122.415508242782,37.7816542806076
ASSAULT,15,Game 4,-122.420303482492,37.770896885856
NON-CRIMINAL,15,Game 4,-122.413907435756,37.7984225086732
VANDALISM,15,Game 4,-122.408068345148,37.7839916768161
LARCENY/THEFT,15,Game 4,-122.412277228876,37.7994155542754
LARCENY/THEFT,15,Game 4,-122.410541166987,37.7709130566165
LARCENY/THEFT,15,Game 4,-122.426955631709,37.769247063207
LARCENY/THEFT,15,Game 4,-122.439505191354,37.7999146218467
ASSAULT,15,Game 4,-122.411965795229,37.7849141859562
LARCENY/THEFT,15,Game 4,-122.403404791479,37.775420706711
VEHICLE THEFT,15,Game 4,-122.399938704088,37.7757106256665
ASSAULT,15,Game 4,-122.413288872508,37.7914655329997
LARCENY/THEFT,14,Game 4,-122.388784430412,37.7868979973476
NON-CRIMINAL,14,Game 4,-122.409791662293,37.7985083480435
ASSAULT,14,Game 4,-122.412032359787,37.7878854896155
LARCENY/THEFT,14,Game 4,-122.409274108851,37.7535802615602
BURGLARY,14,Game 4,-122.405618748152,37.7903200915161
LARCENY/THEFT,14,Game 4,-122.405618748152,37.7903200915161
NON-CRIMINAL,14,Game 4,-122.405618748152,37.7903200915161
OTHER OFFENSES,14,Game 4,-122.401817240144,37.788440503956
NON-CRIMINAL,14,Game 4,-122.407677083883,37.7664151429496
LARCENY/THEFT,14,Game 4,-122.40642786236,37.78710945429
BURGLARY,13,Game 4,-122.415296324149,37.7930621383611
BURGLARY,13,Game 4,-122.412458134878,37.7934242351246
LARCENY/THEFT,13,Game 4,-122.407702149718,37.7706967930865
DRUG/NARCOTIC,13,Game 4,-122.421054311722,37.7756938836734
WARRANTS,13,Game 4,-122.421054311722,37.7756938836734
WEAPON LAWS,13,Game 4,-122.412515341356,37.7804777480508
LARCENY/THEFT,13,Game 4,-122.403434086745,37.78764305018
FORGERY/COUNTERFEITING,13,Game 4,-122.411071423064,37.7817511307229
BURGLARY,12,Game 4,-122.406103945961,37.7929152772297
LARCENY/THEFT,12,Game 4,-122.415414174097,37.7702618437853
OTHER OFFENSES,12,Game 4,-122.405402610955,37.7896302266935
NON-CRIMINAL,12,Game 4,-122.409791662293,37.7985083480435
NON-CRIMINAL,12,Game 4,-122.41733258259,37.7635718955893
LARCENY/THEFT,12,Game 4,-122.428306500557,37.7990143347959
LARCENY/THEFT,12,Game 4,-122.42168514592,37.7784891177293
NON-CRIMINAL,12,Game 4,-122.412032359787,37.7878854896155
LARCENY/THEFT,11,Game 4,-122.413564091744,37.779514030063
LARCENY/THEFT,11,Game 4,-122.403404791479,37.775420706711
NON-CRIMINAL,11,Game 4,-122.403404791479,37.775420706711
LARCENY/THEFT,11,Game 4,-122.403404791479,37.775420706711
LARCENY/THEFT,11,Game 4,-122.396374439116,37.7980532528058
WEAPON LAWS,11,Game 4,-122.411339562557,37.7812707434494
WEAPON LAWS,11,Game 4,-122.411339562557,37.7812707434494
WEAPON LAWS,11,Game 4,-122.411339562557,37.7812707434494
WARRANTS,11,Game 4,-122.412285208626,37.7990945041537
DRUG/NARCOTIC,11,Game 4,-122.412285208626,37.7990945041537
OTHER OFFENSES,11,Game 4,-122.412285208626,37.7990945041537
VANDALISM,11,Game 4,-122.412285208626,37.7990945041537
LARCENY/THEFT,11,Game 4,-122.421818673368,37.8045651817046
LARCENY/THEFT,11,Game 4,-122.403404791479,37.775420706711
LARCENY/THEFT,11,Game 4,-122.403404791479,37.775420706711
LARCENY/THEFT,10,Game 4,-122.409529913278,37.7657184395282
STOLEN PROPERTY,10,Game 4,-122.409529913278,37.7657184395282
ASSAULT,10,Game 4,-122.41580571059,37.80821200646
OTHER OFFENSES,10,Game 4,-122.420034521733,37.769043728757
RUNAWAY,10,Game 4,-122.414996719991,37.7874530734464
MISSING PERSON,10,Game 4,-122.414996719991,37.7874530734464
NON-CRIMINAL,10,Game 4,-122.414996719991,37.7874530734464
LARCENY/THEFT,10,Game 4,-122.394670134268,37.7953311868128
NON-CRIMINAL,10,Game 4,-122.417694904603,37.7921347503855
OTHER OFFENSES,9,Game 4,-122.405832474482,37.7857446545609
FAMILY OFFENSES,9,Game 4,-122.406539115148,37.7564864109309
NON-CRIMINAL,9,Game 4,-122.412999075009,37.786277459166
NON-CRIMINAL,9,Game 4,-122.420120319204,37.7877570602411
VEHICLE THEFT,9,Game 4,-122.411540447656,37.78740983565
LARCENY/THEFT,8,Game 4,-122.410690675854,37.8078911906226
LARCENY/THEFT,8,Game 4,-122.41248326348,37.7706305910776
NON-CRIMINAL,8,Game 4,-122.412933062384,37.7739274524819
OTHER OFFENSES,8,Game 4,-122.437605514229,37.8007004733048
TRESPASS,8,Game 4,-122.437605514229,37.8007004733048
NON-CRIMINAL,8,Game 4,-122.437605514229,37.8007004733048
LARCENY/THEFT,8,Game 4,-122.409791662293,37.7985083480435
LARCENY/THEFT,7,Game 4,-122.413731461593,37.7895283021427
BURGLARY,6,Game 4,-122.422558408222,37.7789043433116
NON-CRIMINAL,5,Game 4,-122.412969489288,37.7839407423872
LARCENY/THEFT,4,Game 4,-122.406886503606,37.7887345763527
DRUG/NARCOTIC,4,Game 4,-122.404260458632,37.7981164818887
STOLEN PROPERTY,4,Game 4,-122.404260458632,37.7981164818887
BURGLARY,4,Game 4,-122.404260458632,37.7981164818887
ASSAULT,4,Game 4,-122.415972165351,37.7853565142343
OTHER OFFENSES,3,Game 4,-122.408710606663,37.7809706722053
OTHER OFFENSES,3,Game 4,-122.408710606663,37.7809706722053
BURGLARY,3,Game 4,-122.399666635598,37.7973662616848
ASSAULT,3,Game 4,-122.424582054935,37.7697332124321
DRUNKENNESS,3,Game 4,-122.424582054935,37.7697332124321
ASSAULT,3,Game 4,-122.422903989743,37.8015561122036
NON-CRIMINAL,3,Game 4,-122.416927585759,37.7994151341168
MISSING PERSON,3,Game 4,-122.416927585759,37.7994151341168
MISSING PERSON,3,Game 4,-122.416927585759,37.7994151341168
MISSING PERSON,3,Game 4,-122.416927585759,37.7994151341168
LARCENY/THEFT,2,Game 4,-122.405834032593,37.778254811523
LARCENY/THEFT,2,Game 4,-122.400116655338,37.7969044346513
VANDALISM,2,Game 4,-122.40806332103,37.7912051249673
"SEX OFFENSES, FORCIBLE",2,Game 4,-122.422315670749,37.7736186276456
LARCENY/THEFT,2,Game 4,-122.41248326348,37.7706305910776
ASSAULT,2,Game 4,-122.414302052544,37.781863316866
TRESPASS,2,Game 4,-122.406977563692,37.789918101686
OTHER OFFENSES,2,Game 4,-122.406977563692,37.789918101686
ASSAULT,1,Game 4,-122.419052694349,37.7586324051562
OTHER OFFENSES,1,Game 4,-122.419052694349,37.7586324051562
LARCENY/THEFT,1,Game 4,-122.421569323299,37.7608815949553
NON-CRIMINAL,1,Game 4,-122.409925328419,37.7877640990096
ASSAULT,1,Game 4,-122.413287527194,37.7711962032376
LARCENY/THEFT,1,Game 4,-122.416452065595,37.7863086885804
FORGERY/COUNTERFEITING,1,Game 4,-122.399566190584,37.7872560968777
LARCENY/THEFT,1,Game 4,-122.405834032593,37.778254811523
VANDALISM,1,Game 4,-122.409313111431,37.7843478513151
NON-CRIMINAL,1,Game 4,-122.397388784826,37.7825543452426
ASSAULT,1,Game 4,-122.435889235002,37.7987183534813
LARCENY/THEFT,1,Game 4,-122.405834032593,37.778254811523
LARCENY/THEFT,1,Game 4,-122.412284736639,37.764833284439
ASSAULT,1,Game 4,-122.420307355721,37.7886989511647
LARCENY/THEFT,0,Game 4,-122.409999361883,37.79188233556
ROBBERY,0,Game 4,-122.407370965267,37.7992401253832
LARCENY/THEFT,0,Game 4,-122.405834032593,37.778254811523
ASSAULT,0,Game 4,-122.415508242782,37.7816542806076
ASSAULT,0,Game 4,-122.419052694349,37.7586324051562
ASSAULT,0,Game 4,-122.419052694349,37.7586324051562
OTHER OFFENSES,0,Game 4,-122.419052694349,37.7586324051562
OTHER OFFENSES,0,Game 4,-122.419052694349,37.7586324051562
NON-CRIMINAL,0,Game 4,-122.392082305321,37.7818457722573
LARCENY/THEFT,0,Game 4,-122.41248326348,37.7706305910776
LARCENY/THEFT,0,Game 4,-122.404608556416,37.7776995229633
OTHER OFFENSES,0,Game 4,-122.411593095704,37.7830529510782
NON-CRIMINAL,0,Game 4,-122.409925328419,37.7877640990096
NON-CRIMINAL,0,Game 4,-122.408270724034,37.7854941424186
LARCENY/THEFT,0,Game 4,-122.421267437263,37.749397216636
FRAUD,0,Game 4,-122.421267437263,37.749397216636
OTHER OFFENSES,0,Game 4,-122.441449734289,37.7972311205473
ASSAULT,23,Game 5,-122.418562097105,37.7841847091303
ASSAULT,23,Game 5,-122.418562097105,37.7841847091303
LARCENY/THEFT,23,Game 5,-122.403864541976,37.7982226437427
BURGLARY,23,Game 5,-122.41604728066,37.7839824654149
VANDALISM,23,Game 5,-122.41604728066,37.7839824654149
ASSAULT,23,Game 5,-122.403404791479,37.775420706711
LARCENY/THEFT,23,Game 5,-122.417019320691,37.7891095538736
VEHICLE THEFT,23,Game 5,-122.419274801449,37.7835680535207
ASSAULT,23,Game 5,-122.418486296575,37.7634954373144
LARCENY/THEFT,23,Game 5,-122.404858516174,37.7872026250974
OTHER OFFENSES,22,Game 5,-122.422158645677,37.7684403915766
VANDALISM,22,Game 5,-122.422158645677,37.7684403915766
OTHER OFFENSES,22,Game 5,-122.416075285051,37.7844496612791
NON-CRIMINAL,22,Game 5,-122.418050744324,37.7899896643167
ASSAULT,22,Game 5,-122.409313111431,37.7843478513151
VEHICLE THEFT,22,Game 5,-122.41860030589,37.7546255872838
ASSAULT,22,Game 5,-122.411216405781,37.7623206159303
SUSPICIOUS OCC,22,Game 5,-122.417688009568,37.784481757201
WARRANTS,22,Game 5,-122.411987643595,37.7850226622786
NON-CRIMINAL,22,Game 5,-122.411987643595,37.7850226622786
LARCENY/THEFT,22,Game 5,-122.401319002979,37.7939867990287
BURGLARY,22,Game 5,-122.421615375337,37.7742412631485
NON-CRIMINAL,21,Game 5,-122.422188261426,37.7726948236861
DRUG/NARCOTIC,21,Game 5,-122.406338412685,37.7530042877223
LIQUOR LAWS,21,Game 5,-122.406338412685,37.7530042877223
NON-CRIMINAL,21,Game 5,-122.402070243227,37.7887198688133
LARCENY/THEFT,21,Game 5,-122.410078544842,37.7725264934261
BURGLARY,21,Game 5,-122.410738097315,37.767524308783
LARCENY/THEFT,21,Game 5,-122.396829271959,37.7767640297712
ASSAULT,21,Game 5,-122.408384275542,37.7878271137225
TRESPASS,21,Game 5,-122.408384275542,37.7878271137225
FRAUD,21,Game 5,-122.409017007613,37.7994880717633
STOLEN PROPERTY,21,Game 5,-122.409017007613,37.7994880717633
OTHER OFFENSES,21,Game 5,-122.390027243495,37.7762997888042
DRUG/NARCOTIC,21,Game 5,-122.410791677645,37.7836952269749
OTHER OFFENSES,21,Game 5,-122.410791677645,37.7836952269749
OTHER OFFENSES,21,Game 5,-122.410791677645,37.7836952269749
LARCENY/THEFT,21,Game 5,-122.389595283252,37.7798611974198
OTHER OFFENSES,20,Game 5,-122.408231026261,37.787359494956
ASSAULT,20,Game 5,-122.391425069857,37.7778727797586
OTHER OFFENSES,20,Game 5,-122.409391574893,37.7779765037999
OTHER OFFENSES,20,Game 5,-122.409391574893,37.7779765037999
OTHER OFFENSES,20,Game 5,-122.409391574893,37.7779765037999
STOLEN PROPERTY,20,Game 5,-122.409391574893,37.7779765037999
BURGLARY,20,Game 5,-122.409391574893,37.7779765037999
LARCENY/THEFT,20,Game 5,-122.421541714261,37.7777813703773
ASSAULT,20,Game 5,-122.405618998022,37.7785045190918
LARCENY/THEFT,20,Game 5,-122.405618748152,37.7903200915161
LARCENY/THEFT,20,Game 5,-122.423637302048,37.7648666651043
NON-CRIMINAL,20,Game 5,-122.412597377187,37.7839320277273
LARCENY/THEFT,20,Game 5,-122.395011317246,37.7877182912254
NON-CRIMINAL,20,Game 5,-122.409017007613,37.7994880717633
NON-CRIMINAL,20,Game 5,-122.391024911564,37.7887786674397
NON-CRIMINAL,20,Game 5,-122.403404791479,37.775420706711
SECONDARY CODES,20,Game 5,-122.413437969731,37.7565452063743
NON-CRIMINAL,20,Game 5,-122.413437969731,37.7565452063743
LARCENY/THEFT,20,Game 5,-122.406167794377,37.8056494557581
OTHER OFFENSES,19,Game 5,-122.407745321325,37.7529342790976
LARCENY/THEFT,19,Game 5,-122.418270696719,37.8078519838014
SECONDARY CODES,19,Game 5,-122.403404791479,37.775420706711
TRESPASS,19,Game 5,-122.403404791479,37.775420706711
BURGLARY,19,Game 5,-122.403816728947,37.7814638725237
WARRANTS,19,Game 5,-122.422536478306,37.7787958771466
ASSAULT,19,Game 5,-122.422536478306,37.7787958771466
ASSAULT,19,Game 5,-122.422536478306,37.7787958771466
SUSPICIOUS OCC,19,Game 5,-122.403404791479,37.775420706711
WEAPON LAWS,19,Game 5,-122.403404791479,37.775420706711
NON-CRIMINAL,19,Game 5,-122.413681109495,37.7771214885462
VEHICLE THEFT,19,Game 5,-122.410672558539,37.7583293316963
ASSAULT,18,Game 5,-122.403404791479,37.775420706711
WARRANTS,18,Game 5,-122.403404791479,37.775420706711
SUSPICIOUS OCC,18,Game 5,-122.392237353343,37.7785204661785
LARCENY/THEFT,18,Game 5,-122.408534526845,37.7712906694516
DRUG/NARCOTIC,18,Game 5,-122.414056291891,37.7827931071006
OTHER OFFENSES,18,Game 5,-122.414056291891,37.7827931071006
OTHER OFFENSES,18,Game 5,-122.414056291891,37.7827931071006
LARCENY/THEFT,18,Game 5,-122.403390364796,37.7802655777189
VEHICLE THEFT,18,Game 5,-122.408162953857,37.7805345385278
LARCENY/THEFT,18,Game 5,-122.392949213939,37.7812347672112
LARCENY/THEFT,18,Game 5,-122.401560967513,37.7840888680389
FRAUD,18,Game 5,-122.401560967513,37.7840888680389
NON-CRIMINAL,18,Game 5,-122.403404791479,37.775420706711
MISSING PERSON,18,Game 5,-122.405283980519,37.7965510480789
MISSING PERSON,18,Game 5,-122.405283980519,37.7965510480789
SUSPICIOUS OCC,18,Game 5,-122.419183096362,37.7830998244592
LARCENY/THEFT,18,Game 5,-122.407434989523,37.7875158741623
ROBBERY,17,Game 5,-122.399617558782,37.7807906550067
OTHER OFFENSES,17,Game 5,-122.410488829308,37.7656058638705
SUSPICIOUS OCC,17,Game 5,-122.410932750782,37.769411384942
NON-CRIMINAL,17,Game 5,-122.413259498719,37.7829514828801
LARCENY/THEFT,17,Game 5,-122.403404791479,37.775420706711
NON-CRIMINAL,17,Game 5,-122.396167865037,37.7827239702919
LARCENY/THEFT,17,Game 5,-122.406742211994,37.7904732830605
LARCENY/THEFT,17,Game 5,-122.395863338513,37.7743379159759
SUSPICIOUS OCC,17,Game 5,-122.412597377187,37.7839320277273
LARCENY/THEFT,17,Game 5,-122.419671780296,37.7650501214668
LARCENY/THEFT,17,Game 5,-122.390858609124,37.779096360374
DRUG/NARCOTIC,16,Game 5,-122.417903977564,37.7851670875517
DRUG/NARCOTIC,16,Game 5,-122.417903977564,37.7851670875517
WARRANTS,16,Game 5,-122.417903977564,37.7851670875517
WARRANTS,16,Game 5,-122.400488130754,37.7958763223097
NON-CRIMINAL,16,Game 5,-122.401494315269,37.7858284327692
LARCENY/THEFT,16,Game 5,-122.395021745914,37.7753128522284
LARCENY/THEFT,16,Game 5,-122.429129674042,37.7993404474472
LARCENY/THEFT,16,Game 5,-122.421064321955,37.8008334432403
LARCENY/THEFT,16,Game 5,-122.403924079202,37.7806992112914
VEHICLE THEFT,16,Game 5,-122.405934320038,37.782295644598
LARCENY/THEFT,16,Game 5,-122.390531404145,37.7806070798477
VANDALISM,16,Game 5,-122.402394847611,37.7989063794796
ASSAULT,15,Game 5,-122.414317857881,37.7799444052046
WARRANTS,15,Game 5,-122.414317857881,37.7799444052046
VANDALISM,15,Game 5,-122.421534860062,37.7905261965099
MISSING PERSON,15,Game 5,-122.406604919508,37.7571580431915
MISSING PERSON,15,Game 5,-122.406604919508,37.7571580431915
FRAUD,15,Game 5,-122.41337058114,37.8085752673964
SUSPICIOUS OCC,15,Game 5,-122.41337058114,37.8085752673964
NON-CRIMINAL,15,Game 5,-122.417949217834,37.7697208630457
LARCENY/THEFT,15,Game 5,-122.407633520742,37.7841893501425
OTHER OFFENSES,15,Game 5,-122.422442530821,37.7829271006902
NON-CRIMINAL,15,Game 5,-122.422442530821,37.7829271006902
SECONDARY CODES,15,Game 5,-122.413714752582,37.7541851613504
OTHER OFFENSES,15,Game 5,-122.413714752582,37.7541851613504
OTHER OFFENSES,15,Game 5,-122.413714752582,37.7541851613504
VEHICLE THEFT,15,Game 5,-122.420806049169,37.7528840217529
WARRANTS,15,Game 5,-122.409373489901,37.8013694186977
LARCENY/THEFT,15,Game 5,-122.408201657254,37.7868849113107
FRAUD,15,Game 5,-122.408201657254,37.7868849113107
FRAUD,15,Game 5,-122.40038746482,37.8025735991651
NON-CRIMINAL,15,Game 5,-122.40038746482,37.8025735991651
"SEX OFFENSES, FORCIBLE",15,Game 5,-122.41469551481,37.7596861764245
MISSING PERSON,14,Game 5,-122.405375455614,37.793416332373
MISSING PERSON,14,Game 5,-122.405375455614,37.793416332373
LARCENY/THEFT,14,Game 5,-122.403070000847,37.7852686309087
VANDALISM,14,Game 5,-122.398791708177,37.787204233605
LARCENY/THEFT,14,Game 5,-122.396374439116,37.7980532528058
OTHER OFFENSES,14,Game 5,-122.396533248456,37.7783268978785
OTHER OFFENSES,13,Game 5,-122.40481652565,37.7966551079447
LARCENY/THEFT,13,Game 5,-122.39670853026,37.7978728855933
LARCENY/THEFT,13,Game 5,-122.422172980067,37.7851667231765
MISSING PERSON,13,Game 5,-122.407585440684,37.8054719026703
MISSING PERSON,13,Game 5,-122.407585440684,37.8054719026703
LARCENY/THEFT,12,Game 5,-122.407244087032,37.7865647607685
FORGERY/COUNTERFEITING,12,Game 5,-122.421886357981,37.7649178909424
BAD CHECKS,12,Game 5,-122.421886357981,37.7649178909424
ASSAULT,12,Game 5,-122.398919477596,37.796953574467
DRUNKENNESS,12,Game 5,-122.398919477596,37.796953574467
ASSAULT,12,Game 5,-122.410768766343,37.7832145190013
NON-CRIMINAL,12,Game 5,-122.408068345148,37.7839916768161
NON-CRIMINAL,12,Game 5,-122.408068345148,37.7839916768161
LARCENY/THEFT,12,Game 5,-122.42412350881,37.8033613356362
OTHER OFFENSES,12,Game 5,-122.420001436964,37.7740948566882
MISSING PERSON,12,Game 5,-122.41158898537,37.7543133191277
SUSPICIOUS OCC,11,Game 5,-122.413721365568,37.7754368242462
ASSAULT,11,Game 5,-122.413069926397,37.7820204255866
OTHER OFFENSES,11,Game 5,-122.418618953339,37.7730525547653
NON-CRIMINAL,11,Game 5,-122.415781281593,37.7588312134679
LARCENY/THEFT,11,Game 5,-122.405254463024,37.7892525040522
VANDALISM,11,Game 5,-122.41577026404,37.7580118295123
LARCENY/THEFT,11,Game 5,-122.398345509398,37.7818000283634
LARCENY/THEFT,11,Game 5,-122.403404791479,37.775420706711
LARCENY/THEFT,11,Game 5,-122.406317303329,37.7923472630257
LARCENY/THEFT,10,Game 5,-122.408064958219,37.7869021819676
LARCENY/THEFT,10,Game 5,-122.417970141118,37.8022023203709
NON-CRIMINAL,10,Game 5,-122.420818330445,37.7828946450912
LARCENY/THEFT,10,Game 5,-122.418874787518,37.8024597269615
LARCENY/THEFT,9,Game 5,-122.403404791479,37.775420706711
MISSING PERSON,9,Game 5,-122.413045971966,37.7738617771611
MISSING PERSON,9,Game 5,-122.413045971966,37.7738617771611
NON-CRIMINAL,9,Game 5,-122.423622537404,37.7647573853335
VEHICLE THEFT,9,Game 5,-122.405942290896,37.7696597423213
VEHICLE THEFT,8,Game 5,-122.406472333764,37.7769634424169
WEAPON LAWS,8,Game 5,-122.414302052544,37.781863316866
SUSPICIOUS OCC,8,Game 5,-122.414302052544,37.781863316866
LARCENY/THEFT,8,Game 5,-122.38917826265,37.7817062612299
LARCENY/THEFT,6,Game 5,-122.412784096502,37.7848656939526
NON-CRIMINAL,6,Game 5,-122.40050441968,37.7874513289662
LARCENY/THEFT,6,Game 5,-122.408710606663,37.7809706722053
NON-CRIMINAL,6,Game 5,-122.409791662293,37.7985083480435
LARCENY/THEFT,6,Game 5,-122.409795194505,37.7800356268394
ARSON,5,Game 5,-122.396305356237,37.7932572003309
NON-CRIMINAL,5,Game 5,-122.396305356237,37.7932572003309
BURGLARY,5,Game 5,-122.415144329833,37.7628783835763
FRAUD,5,Game 5,-122.415144329833,37.7628783835763
OTHER OFFENSES,3,Game 5,-122.414056291891,37.7827931071006
LIQUOR LAWS,3,Game 5,-122.419331147814,37.7622643357423
OTHER OFFENSES,3,Game 5,-122.419331147814,37.7622643357423
OTHER OFFENSES,3,Game 5,-122.419507546169,37.7763700981455
VANDALISM,3,Game 5,-122.413192128726,37.7951956757685
LARCENY/THEFT,3,Game 5,-122.419515708406,37.7634292328496
FRAUD,3,Game 5,-122.419515708406,37.7634292328496
NON-CRIMINAL,3,Game 5,-122.406690592261,37.7852071918419
ASSAULT,2,Game 5,-122.410699657634,37.7869881885308
LARCENY/THEFT,2,Game 5,-122.416230392543,37.7636337702985
LARCENY/THEFT,1,Game 5,-122.407152172242,37.7903655795398
LARCENY/THEFT,1,Game 5,-122.422701131076,37.7632427146292
LARCENY/THEFT,1,Game 5,-122.420515681408,37.7893840503369
LARCENY/THEFT,1,Game 5,-122.413287527194,37.7711962032376
LARCENY/THEFT,1,Game 5,-122.402070243227,37.7887198688133
LARCENY/THEFT,1,Game 5,-122.413287527194,37.7711962032376
LARCENY/THEFT,1,Game 5,-122.420515681408,37.7893840503369
LARCENY/THEFT,1,Game 5,-122.435795989446,37.7982569877565
LARCENY/THEFT,0,Game 5,-122.403404791479,37.775420706711
OTHER OFFENSES,0,Game 5,-122.408809960454,37.7985712126676
LARCENY/THEFT,0,Game 5,-122.410507458268,37.7770931489525
OTHER OFFENSES,0,Game 5,-122.41812008649,37.7603012340397
LARCENY/THEFT,0,Game 5,-122.436797742278,37.8008031731089
OTHER OFFENSES,0,Game 5,-122.410135236377,37.7841889075267
BURGLARY,0,Game 5,-122.399826049876,37.7863007587473
VEHICLE THEFT,0,Game 5,-122.422367409563,37.7698682392455
BAD CHECKS,0,Game 5,-122.422472490035,37.8035693593612
FORGERY/COUNTERFEITING,0,Game 5,-122.422472490035,37.8035693593612
SECONDARY CODES,0,Game 5,-122.408924999704,37.8047174943139
LARCENY/THEFT,0,Game 5,-122.436071833387,37.7996224230809
OTHER OFFENSES,0,Game 5,-122.408924999704,37.8047174943139
BURGLARY,23,Game 6,-122.415757039196,37.7754692820041
ASSAULT,23,Game 6,-122.415757039196,37.7754692820041
LARCENY/THEFT,23,Game 6,-122.421097159642,37.7800451637604
VANDALISM,23,Game 6,-122.421097159642,37.7800451637604
LARCENY/THEFT,23,Game 6,-122.403404791479,37.775420706711
LARCENY/THEFT,23,Game 6,-122.413903042028,37.7699273077048
LARCENY/THEFT,23,Game 6,-122.405043248406,37.7877653941874
LARCENY/THEFT,22,Game 6,-122.408322788185,37.7940625557105
LARCENY/THEFT,22,Game 6,-122.41029351969,37.7822305870036
LARCENY/THEFT,22,Game 6,-122.420580440111,37.7649968622937
LARCENY/THEFT,22,Game 6,-122.399911318801,37.7905596637863
WARRANTS,22,Game 6,-122.419366294797,37.7840280452032
LARCENY/THEFT,22,Game 6,-122.418045452768,37.7775118895695
OTHER OFFENSES,22,Game 6,-122.403404791479,37.775420706711
SUSPICIOUS OCC,22,Game 6,-122.400473580152,37.7850290611875
OTHER OFFENSES,22,Game 6,-122.400473580152,37.7850290611875
DRUG/NARCOTIC,22,Game 6,-122.414029821727,37.7823291237659
NON-CRIMINAL,21,Game 6,-122.410509258795,37.7860432222992
NON-CRIMINAL,21,Game 6,-122.391845617192,37.778124778322
LARCENY/THEFT,21,Game 6,-122.407589113638,37.8006374058088
BURGLARY,21,Game 6,-122.417134607761,37.7554789931958
LARCENY/THEFT,21,Game 6,-122.423049038172,37.7852397067254
OTHER OFFENSES,21,Game 6,-122.409708423721,37.7828276498838
LARCENY/THEFT,21,Game 6,-122.39998111124,37.7776242389287
TRESPASS,21,Game 6,-122.406539115148,37.7564864109309
SUSPICIOUS OCC,21,Game 6,-122.409708423721,37.7828276498838
LARCENY/THEFT,21,Game 6,-122.403971269057,37.784828309361
VEHICLE THEFT,21,Game 6,-122.419429332368,37.8010633370725
NON-CRIMINAL,21,Game 6,-122.419429332368,37.8010633370725
LARCENY/THEFT,21,Game 6,-122.416021055589,37.7966438644234
ASSAULT,21,Game 6,-122.422928214827,37.8020414246597
LARCENY/THEFT,20,Game 6,-122.40129641674,37.7920063142639
ROBBERY,20,Game 6,-122.418414919778,37.8001811328442
EMBEZZLEMENT,20,Game 6,-122.419671780296,37.7650501214668
SUSPICIOUS OCC,20,Game 6,-122.419671780296,37.7650501214668
KIDNAPPING,20,Game 6,-122.42037536822,37.7848006211991
ASSAULT,20,Game 6,-122.42037536822,37.7848006211991
NON-CRIMINAL,20,Game 6,-122.416769999704,37.7795845776674
OTHER OFFENSES,20,Game 6,-122.418448186101,37.7522391652625
OTHER OFFENSES,20,Game 6,-122.418448186101,37.7522391652625
NON-CRIMINAL,20,Game 6,-122.416769999704,37.7795845776674
LARCENY/THEFT,20,Game 6,-122.411888791823,37.7888082903797
BURGLARY,20,Game 6,-122.425051461461,37.7623335286232
VEHICLE THEFT,19,Game 6,-122.411800134753,37.7840890366868
OTHER OFFENSES,19,Game 6,-122.411800134753,37.7840890366868
OTHER OFFENSES,19,Game 6,-122.404058763553,37.7912430097624
NON-CRIMINAL,19,Game 6,-122.404058763553,37.7912430097624
DRUNKENNESS,19,Game 6,-122.40948237086,37.7754506238157
OTHER OFFENSES,19,Game 6,-122.40948237086,37.7754506238157
OTHER OFFENSES,19,Game 6,-122.424854040258,37.7707478792597
LARCENY/THEFT,19,Game 6,-122.396533248456,37.7783268978785
LARCENY/THEFT,19,Game 6,-122.436775838314,37.8006947037442
NON-CRIMINAL,19,Game 6,-122.408384275542,37.7878271137225
LARCENY/THEFT,19,Game 6,-122.391769519212,37.7821670175043
LARCENY/THEFT,19,Game 6,-122.406539115148,37.7564864109309
LARCENY/THEFT,19,Game 6,-122.392940948663,37.7860677021529
VEHICLE THEFT,19,Game 6,-122.408068345148,37.7839916768161
NON-CRIMINAL,19,Game 6,-122.40316136589,37.7836909533775
LARCENY/THEFT,19,Game 6,-122.43253044394,37.8032140328664
BURGLARY,19,Game 6,-122.391769519212,37.7821670175043
NON-CRIMINAL,18,Game 6,-122.416769999704,37.7795845776674
LARCENY/THEFT,18,Game 6,-122.415245418291,37.8054165242789
NON-CRIMINAL,18,Game 6,-122.418600974625,37.7802607511192
LARCENY/THEFT,18,Game 6,-122.422595167172,37.7908192261207
VANDALISM,18,Game 6,-122.418753848152,37.7562250119744
VANDALISM,18,Game 6,-122.418753848152,37.7562250119744
BURGLARY,18,Game 6,-122.410530908418,37.7861517236899
LARCENY/THEFT,18,Game 6,-122.410530908418,37.7861517236899
LARCENY/THEFT,18,Game 6,-122.419959213851,37.7719978555919
LARCENY/THEFT,18,Game 6,-122.398758596964,37.776568769743
DRUG/NARCOTIC,18,Game 6,-122.403404791479,37.775420706711
DRUG/NARCOTIC,18,Game 6,-122.403404791479,37.775420706711
WARRANTS,18,Game 6,-122.403404791479,37.775420706711
OTHER OFFENSES,18,Game 6,-122.412249767634,37.782556330202
WARRANTS,18,Game 6,-122.412249767634,37.782556330202
WARRANTS,18,Game 6,-122.412249767634,37.782556330202
OTHER OFFENSES,18,Game 6,-122.412249767634,37.782556330202
MISSING PERSON,18,Game 6,-122.406539115148,37.7564864109309
LARCENY/THEFT,18,Game 6,-122.421569323299,37.7608815949553
OTHER OFFENSES,18,Game 6,-122.41248326348,37.7706305910776
BURGLARY,18,Game 6,-122.403840388353,37.7912700124673
BURGLARY,18,Game 6,-122.403840388353,37.7912700124673
OTHER OFFENSES,18,Game 6,-122.403840388353,37.7912700124673
LARCENY/THEFT,18,Game 6,-122.408040474858,37.7864094033618
ROBBERY,18,Game 6,-122.403404791479,37.775420706711
LARCENY/THEFT,18,Game 6,-122.418611626628,37.8031326741336
NON-CRIMINAL,18,Game 6,-122.390462451214,37.790393971625
LARCENY/THEFT,18,Game 6,-122.415115800125,37.8037807941664
BURGLARY,17,Game 6,-122.418887293065,37.7576217212029
ROBBERY,17,Game 6,-122.400194768944,37.7900527936016
LARCENY/THEFT,17,Game 6,-122.421934733603,37.7964230372522
ASSAULT,17,Game 6,-122.418182397674,37.7865662290665
LARCENY/THEFT,17,Game 6,-122.419671780296,37.7650501214668
LARCENY/THEFT,17,Game 6,-122.410774214375,37.8084350175869
ASSAULT,17,Game 6,-122.419671780296,37.7650501214668
ASSAULT,17,Game 6,-122.419671780296,37.7650501214668
NON-CRIMINAL,17,Game 6,-122.419671780296,37.7650501214668
LARCENY/THEFT,17,Game 6,-122.407163046954,37.7797376338991
OTHER OFFENSES,17,Game 6,-122.394484874311,37.7872982355244
VANDALISM,17,Game 6,-122.421886357981,37.7649178909424
OTHER OFFENSES,17,Game 6,-122.418698328939,37.7755894130051
OTHER OFFENSES,17,Game 6,-122.414878527767,37.8035408565775
SUSPICIOUS OCC,17,Game 6,-122.41321519799,37.7493383299247
OTHER OFFENSES,17,Game 6,-122.41944531067,37.7627134327476
VANDALISM,17,Game 6,-122.425300930134,37.8050769933248
LARCENY/THEFT,17,Game 6,-122.409924033746,37.7775530955225
LARCENY/THEFT,17,Game 6,-122.403404791479,37.775420706711
SUSPICIOUS OCC,17,Game 6,-122.411800134753,37.7840890366868
OTHER OFFENSES,17,Game 6,-122.403404791479,37.775420706711
WEAPON LAWS,17,Game 6,-122.403404791479,37.775420706711
LARCENY/THEFT,17,Game 6,-122.422235792189,37.7678020825962
WARRANTS,16,Game 6,-122.40396042135,37.7763118173513
OTHER OFFENSES,16,Game 6,-122.40396042135,37.7763118173513
LARCENY/THEFT,16,Game 6,-122.421667086071,37.7828419848131
NON-CRIMINAL,16,Game 6,-122.391425069857,37.7778727797586
ASSAULT,16,Game 6,-122.409795194505,37.7800356268394
ASSAULT,16,Game 6,-122.408710606663,37.7809706722053
"SEX OFFENSES, FORCIBLE",16,Game 6,-122.408710606663,37.7809706722053
WARRANTS,16,Game 6,-122.408710606663,37.7809706722053
ROBBERY,16,Game 6,-122.405895369887,37.7867342184983
BURGLARY,16,Game 6,-122.405895369887,37.7867342184983
ASSAULT,16,Game 6,-122.416948565876,37.7804689268479
NON-CRIMINAL,16,Game 6,-122.411339562557,37.7812707434494
LARCENY/THEFT,16,Game 6,-122.392082305321,37.7818457722573
LARCENY/THEFT,16,Game 6,-122.407591091073,37.7883401187101
NON-CRIMINAL,16,Game 6,-122.426955631709,37.769247063207
BURGLARY,16,Game 6,-122.396308779701,37.7908392444392
VEHICLE THEFT,16,Game 6,-122.392925908483,37.7909162093657
ASSAULT,15,Game 6,-122.396167865037,37.7827239702919
VEHICLE THEFT,15,Game 6,-122.420571110949,37.7857331120575
LARCENY/THEFT,15,Game 6,-122.404013943546,37.7897518225049
ASSAULT,15,Game 6,-122.421608893207,37.7955038710773
ASSAULT,15,Game 6,-122.421608893207,37.7955038710773
KIDNAPPING,15,Game 6,-122.421608893207,37.7955038710773
FRAUD,15,Game 6,-122.395021745914,37.7753128522284
LARCENY/THEFT,15,Game 6,-122.425300930134,37.8050769933248
NON-CRIMINAL,15,Game 6,-122.420250482603,37.7800745746334
VEHICLE THEFT,15,Game 6,-122.413367300373,37.7960828297626
LARCENY/THEFT,14,Game 6,-122.403070000847,37.7852686309087
NON-CRIMINAL,14,Game 6,-122.412597377187,37.7839320277273
LARCENY/THEFT,14,Game 6,-122.395615939649,37.7939406487081
LARCENY/THEFT,14,Game 6,-122.410689907787,37.7824948907735
OTHER OFFENSES,14,Game 6,-122.413609328985,37.784696907904
LARCENY/THEFT,13,Game 6,-122.40642786236,37.78710945429
NON-CRIMINAL,13,Game 6,-122.40149972917,37.8011589940908
NON-CRIMINAL,13,Game 6,-122.404385042303,37.7721958190345
LARCENY/THEFT,12,Game 6,-122.401560967513,37.7840888680389
LARCENY/THEFT,12,Game 6,-122.40734222874,37.7912964515689
LARCENY/THEFT,12,Game 6,-122.396533248456,37.7783268978785
LARCENY/THEFT,12,Game 6,-122.40397938421,37.7798747354156
NON-CRIMINAL,12,Game 6,-122.399396749686,37.7909646254938
LARCENY/THEFT,12,Game 6,-122.410791677645,37.7836952269749
LARCENY/THEFT,12,Game 6,-122.403404791479,37.775420706711
LARCENY/THEFT,12,Game 6,-122.413354187018,37.7690748003847
ASSAULT,11,Game 6,-122.415448759562,37.778293520129
LARCENY/THEFT,11,Game 6,-122.407877787733,37.7859680076775
SUSPICIOUS OCC,11,Game 6,-122.417185210419,37.7627583408182
MISSING PERSON,11,Game 6,-122.408254664048,37.7958223141329
MISSING PERSON,11,Game 6,-122.408254664048,37.7958223141329
LARCENY/THEFT,11,Game 6,-122.403404791479,37.775420706711
LARCENY/THEFT,11,Game 6,-122.424146866925,37.763953010283
NON-CRIMINAL,11,Game 6,-122.403404791479,37.775420706711
LARCENY/THEFT,11,Game 6,-122.413354187018,37.7690748003847
MISSING PERSON,11,Game 6,-122.417499429971,37.753084671409
OTHER OFFENSES,11,Game 6,-122.422180938873,37.7770395107539
LARCENY/THEFT,10,Game 6,-122.419616109671,37.8019942438049
LARCENY/THEFT,10,Game 6,-122.419429332368,37.8010633370725
NON-CRIMINAL,10,Game 6,-122.402712593282,37.7832596543979
SUSPICIOUS OCC,10,Game 6,-122.406977563692,37.789918101686
NON-CRIMINAL,10,Game 6,-122.406892170029,37.7824831658141
LARCENY/THEFT,10,Game 6,-122.41733258259,37.7635718955893
LARCENY/THEFT,9,Game 6,-122.406690592261,37.7852071918419
LARCENY/THEFT,9,Game 6,-122.42013210843,37.7803430365381
VEHICLE THEFT,9,Game 6,-122.395848299154,37.7813210474369
NON-CRIMINAL,9,Game 6,-122.399833846531,37.7810432179334
OTHER OFFENSES,9,Game 6,-122.417021501122,37.7947626640609
LARCENY/THEFT,8,Game 6,-122.403404791479,37.775420706711
WARRANTS,8,Game 6,-122.413018756978,37.7634666522563
SUSPICIOUS OCC,8,Game 6,-122.403860419019,37.7798137203933
FRAUD,8,Game 6,-122.407845374111,37.7850943210103
LARCENY/THEFT,8,Game 6,-122.404013943546,37.7897518225049
LARCENY/THEFT,8,Game 6,-122.424898028022,37.7950844338224
NON-CRIMINAL,8,Game 6,-122.420576428438,37.782453353282
FRAUD,8,Game 6,-122.397615567933,37.7773918242817
BAD CHECKS,8,Game 6,-122.407829844146,37.7826402567843
OTHER OFFENSES,8,Game 6,-122.397615567933,37.7773918242817
FORGERY/COUNTERFEITING,8,Game 6,-122.407829844146,37.7826402567843
OTHER OFFENSES,8,Game 6,-122.407829844146,37.7826402567843
NON-CRIMINAL,7,Game 6,-122.423530547475,37.7971854093352
NON-CRIMINAL,7,Game 6,-122.413814292432,37.8070362071183
ASSAULT,7,Game 6,-122.414242955907,37.7837240254478
ASSAULT,7,Game 6,-122.414576897,37.7894768075723
VANDALISM,7,Game 6,-122.405395493939,37.7835100715421
WARRANTS,7,Game 6,-122.416607695115,37.7791387543353
MISSING PERSON,7,Game 6,-122.407999186749,37.7778241673064
MISSING PERSON,7,Game 6,-122.407999186749,37.7778241673064
NON-CRIMINAL,6,Game 6,-122.40557541431,37.7905641270131
VANDALISM,5,Game 6,-122.411068869703,37.7888557042697
OTHER OFFENSES,5,Game 6,-122.417508586687,37.7539026121867
BURGLARY,5,Game 6,-122.404026293246,37.7691750639058
LARCENY/THEFT,5,Game 6,-122.41777148469,37.8015056603454
LARCENY/THEFT,4,Game 6,-122.419694813697,37.7897774160756
LARCENY/THEFT,4,Game 6,-122.416230392543,37.7636337702985
OTHER OFFENSES,3,Game 6,-122.419208249507,37.7602340753605
ROBBERY,3,Game 6,-122.419208249507,37.7602340753605
STOLEN PROPERTY,3,Game 6,-122.419208249507,37.7602340753605
LARCENY/THEFT,2,Game 6,-122.415444159886,37.7780245674641
DRUG/NARCOTIC,2,Game 6,-122.408431861057,37.7887772719153
DRUG/NARCOTIC,2,Game 6,-122.408431861057,37.7887772719153
TRESPASS,2,Game 6,-122.408431861057,37.7887772719153
ASSAULT,1,Game 6,-122.410791677645,37.7836952269749
OTHER OFFENSES,1,Game 6,-122.414911279683,37.7744753104715
VEHICLE THEFT,1,Game 6,-122.414911279683,37.7744753104715
STOLEN PROPERTY,1,Game 6,-122.414911279683,37.7744753104715
LARCENY/THEFT,0,Game 6,-122.407931930502,37.7995771094892
STOLEN PROPERTY,0,Game 6,-122.407931930502,37.7995771094892
LARCENY/THEFT,0,Game 6,-122.41842677135,37.8020610754939
WEAPON LAWS,0,Game 6,-122.414809966357,37.7865194111614
WEAPON LAWS,0,Game 6,-122.414809966357,37.7865194111614
DRUG/NARCOTIC,0,Game 6,-122.414809966357,37.7865194111614
DRUG/NARCOTIC,0,Game 6,-122.414809966357,37.7865194111614
WARRANTS,0,Game 6,-122.414809966357,37.7865194111614
VEHICLE THEFT,0,Game 6,-122.419914234976,37.7947952967215
WEAPON LAWS,0,Game 6,-122.414809966357,37.7865194111614
ASSAULT,0,Game 6,-122.406539115148,37.7564864109309
LARCENY/THEFT,0,Game 6,-122.406539115148,37.7564864109309
OTHER OFFENSES,0,Game 6,-122.406539115148,37.7564864109309
TRESPASS,0,Game 6,-122.406539115148,37.7564864109309
MISSING PERSON,0,Game 6,-122.403404791479,37.775420706711
MISSING PERSON,0,Game 6,-122.403404791479,37.775420706711
OTHER OFFENSES,23,Game 7,-122.419331147814,37.7622643357423
ASSAULT,23,Game 7,-122.418596727459,37.7538382048501
DRUNKENNESS,23,Game 7,-122.419470488515,37.7622701739914
SUSPICIOUS OCC,23,Game 7,-122.419470488515,37.7622701739914
OTHER OFFENSES,23,Game 7,-122.419860961947,37.7553668828503
ASSAULT,23,Game 7,-122.421426142995,37.7601017970525
VEHICLE THEFT,23,Game 7,-122.416825708582,37.8045733822344
VANDALISM,23,Game 7,-122.421319145498,37.7894600151705
OTHER OFFENSES,23,Game 7,-122.420966200659,37.7552939346637
ASSAULT,23,Game 7,-122.419360352761,37.7618358012376
NON-CRIMINAL,23,Game 7,-122.419860961947,37.7553668828503
ASSAULT,23,Game 7,-122.421426142995,37.7601017970525
ROBBERY,23,Game 7,-122.418486296575,37.7634954373144
ASSAULT,23,Game 7,-122.395848299154,37.7813210474369
ASSAULT,23,Game 7,-122.395848299154,37.7813210474369
WEAPON LAWS,23,Game 7,-122.395848299154,37.7813210474369
VANDALISM,23,Game 7,-122.395340436859,37.7808426292013
ASSAULT,23,Game 7,-122.419748993977,37.7618672648972
SUSPICIOUS OCC,23,Game 7,-122.420966200659,37.7552939346637
OTHER OFFENSES,23,Game 7,-122.419748993977,37.7618672648972
LARCENY/THEFT,23,Game 7,-122.396381836885,37.7817492235226
LARCENY/THEFT,23,Game 7,-122.419671780296,37.7650501214668
VANDALISM,23,Game 7,-122.419671780296,37.7650501214668
NON-CRIMINAL,23,Game 7,-122.406539115148,37.7564864109309
WEAPON LAWS,23,Game 7,-122.409708423721,37.7828276498838
WEAPON LAWS,23,Game 7,-122.409708423721,37.7828276498838
NON-CRIMINAL,23,Game 7,-122.41931732407,37.7879136979106
SUSPICIOUS OCC,23,Game 7,-122.41931732407,37.7879136979106
NON-CRIMINAL,23,Game 7,-122.436275324778,37.8008126645682
ROBBERY,23,Game 7,-122.408162953857,37.7805345385278
ASSAULT,23,Game 7,-122.408162953857,37.7805345385278
ASSAULT,23,Game 7,-122.420665771329,37.7521041553051
VEHICLE THEFT,23,Game 7,-122.417219538328,37.7984732451801
ROBBERY,23,Game 7,-122.418448186101,37.7522391652625
ASSAULT,23,Game 7,-122.418448186101,37.7522391652625
VANDALISM,23,Game 7,-122.401846367522,37.7790324136251
LARCENY/THEFT,23,Game 7,-122.429103381287,37.7988562878177
LARCENY/THEFT,23,Game 7,-122.400702308547,37.7798560085262
LARCENY/THEFT,23,Game 7,-122.423183995657,37.7563776481913
LARCENY/THEFT,22,Game 7,-122.417392830334,37.7909741243591
ASSAULT,22,Game 7,-122.414081138014,37.7832767266062
LARCENY/THEFT,22,Game 7,-122.411279189969,37.7715785765043
ASSAULT,22,Game 7,-122.420307355721,37.7886989511647
ASSAULT,22,Game 7,-122.420231590619,37.78798096196
VANDALISM,22,Game 7,-122.418279075012,37.7498209864471
LARCENY/THEFT,22,Game 7,-122.403404791479,37.775420706711
LARCENY/THEFT,22,Game 7,-122.398758596964,37.776568769743
ASSAULT,22,Game 7,-122.402070243227,37.7887198688133
OTHER OFFENSES,22,Game 7,-122.418748733523,37.7554371875097
ROBBERY,22,Game 7,-122.418600974625,37.7802607511192
OTHER OFFENSES,22,Game 7,-122.418748733523,37.7554371875097
NON-CRIMINAL,22,Game 7,-122.391845617192,37.778124778322
SUSPICIOUS OCC,22,Game 7,-122.418748733523,37.7554371875097
LARCENY/THEFT,22,Game 7,-122.421096796936,37.7842937802977
LARCENY/THEFT,22,Game 7,-122.406251586507,37.7813071234008
ASSAULT,22,Game 7,-122.394102624525,37.7763827130285
ASSAULT,22,Game 7,-122.414317857881,37.7799444052046
ASSAULT,22,Game 7,-122.418219833881,37.7908244663738
SECONDARY CODES,22,Game 7,-122.418219833881,37.7908244663738
ASSAULT,22,Game 7,-122.418219833881,37.7908244663738
LARCENY/THEFT,22,Game 7,-122.419374743439,37.796368112756
VANDALISM,22,Game 7,-122.416374835778,37.7644225165568
OTHER OFFENSES,22,Game 7,-122.412163194382,37.7635464709422
LIQUOR LAWS,22,Game 7,-122.408603842168,37.7994883620771
DISORDERLY CONDUCT,22,Game 7,-122.408603842168,37.7994883620771
VANDALISM,22,Game 7,-122.41318059398,37.7697620111661
VANDALISM,22,Game 7,-122.418279075012,37.7498209864471
LARCENY/THEFT,22,Game 7,-122.414317857881,37.7799444052046
VEHICLE THEFT,22,Game 7,-122.407745685863,37.7568873539955
VANDALISM,21,Game 7,-122.408595110869,37.7837069301545
ASSAULT,21,Game 7,-122.419208249507,37.7602340753605
ROBBERY,21,Game 7,-122.41029351969,37.7822305870036
ASSAULT,21,Game 7,-122.407633520742,37.7841893501425
VANDALISM,21,Game 7,-122.407633520742,37.7841893501425
VANDALISM,21,Game 7,-122.399152260199,37.7910166130682
NON-CRIMINAL,21,Game 7,-122.419884939457,37.7782510832412
OTHER OFFENSES,21,Game 7,-122.415173665801,37.7524407589917
SUSPICIOUS OCC,21,Game 7,-122.409853729941,37.7833862379382
NON-CRIMINAL,21,Game 7,-122.416583456133,37.7786591541508
LARCENY/THEFT,21,Game 7,-122.414949018134,37.7792565191771
NON-CRIMINAL,21,Game 7,-122.415508242782,37.7816542806076
ASSAULT,21,Game 7,-122.418748733523,37.7554371875097
OTHER OFFENSES,21,Game 7,-122.418748733523,37.7554371875097
LARCENY/THEFT,21,Game 7,-122.396265814237,37.7834404321177
LARCENY/THEFT,21,Game 7,-122.402005149655,37.803687099963
VANDALISM,21,Game 7,-122.412190122464,37.7550119658043
LARCENY/THEFT,21,Game 7,-122.404389314967,37.7921647064742
OTHER OFFENSES,21,Game 7,-122.404389314967,37.7921647064742
STOLEN PROPERTY,21,Game 7,-122.404389314967,37.7921647064742
LARCENY/THEFT,20,Game 7,-122.408068345148,37.7839916768161
VANDALISM,20,Game 7,-122.420010175609,37.7701099298175
ASSAULT,20,Game 7,-122.421118473704,37.7569011511725
MISSING PERSON,20,Game 7,-122.406604919508,37.7571580431915
FRAUD,20,Game 7,-122.419671780296,37.7650501214668
LARCENY/THEFT,20,Game 7,-122.403404791479,37.775420706711
LARCENY/THEFT,20,Game 7,-122.388379873919,37.7833104067015
VANDALISM,20,Game 7,-122.436863337604,37.7996199689993
ASSAULT,20,Game 7,-122.411468903052,37.7795579712601
SUSPICIOUS OCC,20,Game 7,-122.407110077805,37.7986457830055
ASSAULT,20,Game 7,-122.399833846531,37.7810432179334
LARCENY/THEFT,20,Game 7,-122.417448582701,37.7786438096934
NON-CRIMINAL,20,Game 7,-122.420576428438,37.782453353282
NON-CRIMINAL,20,Game 7,-122.408597386677,37.789224205873
LARCENY/THEFT,20,Game 7,-122.42144246366,37.7726384794114
LARCENY/THEFT,20,Game 7,-122.393622739343,37.7830791191471
LARCENY/THEFT,20,Game 7,-122.443977601787,37.7974516211867
VEHICLE THEFT,20,Game 7,-122.418636069858,37.7726021051144
LARCENY/THEFT,20,Game 7,-122.419735983257,37.7939104289447
OTHER OFFENSES,19,Game 7,-122.41248326348,37.7706305910776
LARCENY/THEFT,19,Game 7,-122.407614885996,37.7764872665748
LARCENY/THEFT,19,Game 7,-122.408496298209,37.786296190453
NON-CRIMINAL,19,Game 7,-122.403143342356,37.7946660680883
VEHICLE THEFT,19,Game 7,-122.423404604063,37.7873381901532
SUSPICIOUS OCC,19,Game 7,-122.406539115148,37.7564864109309
LARCENY/THEFT,19,Game 7,-122.411279189969,37.7715785765043
NON-CRIMINAL,19,Game 7,-122.409686191837,37.7862042105295
LARCENY/THEFT,19,Game 7,-122.419458073153,37.7844990197997
LARCENY/THEFT,19,Game 7,-122.398758596964,37.776568769743
BURGLARY,18,Game 7,-122.407612885387,37.7884486019705
LARCENY/THEFT,18,Game 7,-122.404270179486,37.7844788538745
LARCENY/THEFT,18,Game 7,-122.407845374111,37.7850943210103
NON-CRIMINAL,18,Game 7,-122.416769999704,37.7795845776674
LARCENY/THEFT,18,Game 7,-122.410932750782,37.769411384942
LARCENY/THEFT,18,Game 7,-122.401857374739,37.7966261239618
LARCENY/THEFT,18,Game 7,-122.39951108061,37.7969248970462
MISSING PERSON,18,Game 7,-122.403404791479,37.775420706711
LARCENY/THEFT,18,Game 7,-122.413814292432,37.8070362071183
NON-CRIMINAL,18,Game 7,-122.419916164613,37.7791854168673
ASSAULT,18,Game 7,-122.392773013909,37.7770867759344
LOITERING,18,Game 7,-122.392773013909,37.7770867759344
LARCENY/THEFT,18,Game 7,-122.397237053315,37.7859629405452
BURGLARY,18,Game 7,-122.399736004809,37.7917834029475
NON-CRIMINAL,18,Game 7,-122.39998111124,37.7776242389287
NON-CRIMINAL,18,Game 7,-122.419916164613,37.7791854168673
ASSAULT,18,Game 7,-122.411359138357,37.7764944808779
VANDALISM,18,Game 7,-122.398932711095,37.7837848211584
LARCENY/THEFT,18,Game 7,-122.398758596964,37.776568769743
LARCENY/THEFT,18,Game 7,-122.409924033746,37.7775530955225
VEHICLE THEFT,18,Game 7,-122.405618998022,37.7785045190918
VANDALISM,18,Game 7,-122.416818891994,37.7769362014881
BURGLARY,18,Game 7,-122.40271197324,37.7900283997728
BURGLARY,17,Game 7,-122.40271197324,37.7900283997728
OTHER OFFENSES,17,Game 7,-122.406520987144,37.7850629421661
BURGLARY,17,Game 7,-122.40801449292,37.7859507767613
LARCENY/THEFT,17,Game 7,-122.40801449292,37.7859507767613
DRUG/NARCOTIC,17,Game 7,-122.40801449292,37.7859507767613
LARCENY/THEFT,17,Game 7,-122.41248326348,37.7706305910776
LARCENY/THEFT,17,Game 7,-122.407844136792,37.7767462195389
ASSAULT,17,Game 7,-122.413354187018,37.7690748003847
WARRANTS,17,Game 7,-122.413354187018,37.7690748003847
OTHER OFFENSES,17,Game 7,-122.417201182657,37.7507046984566
LARCENY/THEFT,17,Game 7,-122.41248326348,37.7706305910776
LARCENY/THEFT,17,Game 7,-122.435679786498,37.7980205895825
LARCENY/THEFT,17,Game 7,-122.421096796936,37.7842937802977
VANDALISM,17,Game 7,-122.414878527767,37.8035408565775
LARCENY/THEFT,17,Game 7,-122.41248326348,37.7706305910776
NON-CRIMINAL,17,Game 7,-122.416099193953,37.7849300262869
OTHER OFFENSES,17,Game 7,-122.406508487003,37.7803313209065
LARCENY/THEFT,16,Game 7,-122.39427843762,37.7899248361611
LARCENY/THEFT,16,Game 7,-122.39267083933,37.7823985353293
OTHER OFFENSES,16,Game 7,-122.39267083933,37.7823985353293
NON-CRIMINAL,16,Game 7,-122.415444159886,37.7780245674641
LARCENY/THEFT,16,Game 7,-122.406564563454,37.7870921918189
OTHER OFFENSES,16,Game 7,-122.418736143416,37.7667382300458
WEAPON LAWS,16,Game 7,-122.413358051141,37.7876637195721
WEAPON LAWS,16,Game 7,-122.413358051141,37.7876637195721
WEAPON LAWS,16,Game 7,-122.413358051141,37.7876637195721
LARCENY/THEFT,16,Game 7,-122.405895369887,37.7867342184983
LARCENY/THEFT,16,Game 7,-122.411071423064,37.7817511307229
SUSPICIOUS OCC,16,Game 7,-122.403890955445,37.7824014072132
ROBBERY,16,Game 7,-122.420001436964,37.7740948566882
ASSAULT,16,Game 7,-122.420001436964,37.7740948566882
ASSAULT,16,Game 7,-122.420001436964,37.7740948566882
NON-CRIMINAL,16,Game 7,-122.416583456133,37.7786591541508
NON-CRIMINAL,15,Game 7,-122.405832474482,37.7857446545609
OTHER OFFENSES,15,Game 7,-122.406481972743,37.7827317884887
DRUG/NARCOTIC,15,Game 7,-122.419515708406,37.7634292328496
OTHER OFFENSES,15,Game 7,-122.419515708406,37.7634292328496
STOLEN PROPERTY,15,Game 7,-122.419515708406,37.7634292328496
ASSAULT,15,Game 7,-122.41371122073,37.7796660426062
WARRANTS,15,Game 7,-122.41371122073,37.7796660426062
LARCENY/THEFT,15,Game 7,-122.422857719558,37.8054440413944
NON-CRIMINAL,14,Game 7,-122.416710431543,37.7692014949216
ASSAULT,14,Game 7,-122.406539115148,37.7564864109309
OTHER OFFENSES,14,Game 7,-122.418600974625,37.7802607511192
OTHER OFFENSES,14,Game 7,-122.418600974625,37.7802607511192
VANDALISM,14,Game 7,-122.412933062384,37.7739274524819
LARCENY/THEFT,14,Game 7,-122.417975390351,37.7737509379648
MISSING PERSON,14,Game 7,-122.407999186749,37.7778241673064
LARCENY/THEFT,14,Game 7,-122.428494487792,37.7999449276228
LARCENY/THEFT,14,Game 7,-122.409939286664,37.7784153777349
LARCENY/THEFT,14,Game 7,-122.406481972743,37.7827317884887
OTHER OFFENSES,14,Game 7,-122.400194768944,37.7900527936016
EMBEZZLEMENT,14,Game 7,-122.413259498719,37.7829514828801
OTHER OFFENSES,13,Game 7,-122.403404791479,37.775420706711
FORGERY/COUNTERFEITING,13,Game 7,-122.406249619336,37.795117116509
ASSAULT,13,Game 7,-122.402142725311,37.7791933366389
NON-CRIMINAL,13,Game 7,-122.417044292614,37.7895952774322
LARCENY/THEFT,13,Game 7,-122.413259498719,37.7829514828801
LARCENY/THEFT,13,Game 7,-122.397450736688,37.7895861933973
NON-CRIMINAL,13,Game 7,-122.421798040888,37.7964404207928
NON-CRIMINAL,13,Game 7,-122.410774214375,37.8084350175869
LARCENY/THEFT,13,Game 7,-122.412803753,37.8057739875696
LARCENY/THEFT,13,Game 7,-122.404026293246,37.7691750639058
VANDALISM,13,Game 7,-122.418201870328,37.7863251027379
LARCENY/THEFT,13,Game 7,-122.419919493342,37.8076403511907
NON-CRIMINAL,13,Game 7,-122.403404791479,37.775420706711
VEHICLE THEFT,12,Game 7,-122.416949126396,37.7995236495692
OTHER OFFENSES,12,Game 7,-122.416949126396,37.7995236495692
STOLEN PROPERTY,12,Game 7,-122.416949126396,37.7995236495692
WARRANTS,12,Game 7,-122.418049946137,37.7650940324026
LARCENY/THEFT,12,Game 7,-122.401833062479,37.7890397716649
LARCENY/THEFT,12,Game 7,-122.400194768944,37.7900527936016
NON-CRIMINAL,12,Game 7,-122.400194768944,37.7900527936016
OTHER OFFENSES,12,Game 7,-122.400194768944,37.7900527936016
OTHER OFFENSES,12,Game 7,-122.400194768944,37.7900527936016
FRAUD,12,Game 7,-122.412907007898,37.7895783628974
DRUNKENNESS,12,Game 7,-122.426384450806,37.764643937262
WARRANTS,12,Game 7,-122.426384450806,37.764643937262
ASSAULT,12,Game 7,-122.412192555721,37.7816045741252
OTHER OFFENSES,12,Game 7,-122.412192555721,37.7816045741252
VANDALISM,12,Game 7,-122.412192555721,37.7816045741252
LARCENY/THEFT,12,Game 7,-122.417975390351,37.7737509379648
WARRANTS,12,Game 7,-122.417975390351,37.7737509379648
LARCENY/THEFT,12,Game 7,-122.41248326348,37.7706305910776
ROBBERY,12,Game 7,-122.405254463024,37.7892525040522
OTHER OFFENSES,11,Game 7,-122.417185210419,37.7627583408182
FORGERY/COUNTERFEITING,11,Game 7,-122.416991089644,37.777074192256
LARCENY/THEFT,11,Game 7,-122.405294845215,37.7863072236365
NON-CRIMINAL,11,Game 7,-122.414302052544,37.781863316866
LARCENY/THEFT,11,Game 7,-122.422968948382,37.7944069848967
LARCENY/THEFT,11,Game 7,-122.420691680792,37.7905770710537
NON-CRIMINAL,11,Game 7,-122.403404791479,37.775420706711
VEHICLE THEFT,10,Game 7,-122.409636357172,37.7901077124214
VANDALISM,10,Game 7,-122.403404791479,37.775420706711
LARCENY/THEFT,10,Game 7,-122.406690592261,37.7852071918419
OTHER OFFENSES,10,Game 7,-122.420337977211,37.7812881245951
LARCENY/THEFT,10,Game 7,-122.403404791479,37.775420706711
NON-CRIMINAL,10,Game 7,-122.410928353347,37.7836778741124
SUSPICIOUS OCC,10,Game 7,-122.403404791479,37.775420706711
LARCENY/THEFT,10,Game 7,-122.407612885387,37.7884486019705
LARCENY/THEFT,10,Game 7,-122.406977563692,37.789918101686
LARCENY/THEFT,10,Game 7,-122.418736143416,37.7667382300458
LARCENY/THEFT,10,Game 7,-122.40556507281,37.8066171530971
LARCENY/THEFT,10,Game 7,-122.420817675346,37.7544878225551
WARRANTS,9,Game 7,-122.416315638987,37.7943519737956
DRUNKENNESS,9,Game 7,-122.41322559209,37.8041078088354
OTHER OFFENSES,9,Game 7,-122.41322559209,37.8041078088354
OTHER OFFENSES,9,Game 7,-122.403404791479,37.775420706711
OTHER OFFENSES,9,Game 7,-122.403404791479,37.775420706711
BRIBERY,9,Game 7,-122.403404791479,37.775420706711
ASSAULT,9,Game 7,-122.422172980067,37.7851667231765
OTHER OFFENSES,9,Game 7,-122.419183096362,37.7830998244592
NON-CRIMINAL,9,Game 7,-122.391769519212,37.7821670175043
OTHER OFFENSES,8,Game 7,-122.404071611406,37.7772741854354
OTHER OFFENSES,8,Game 7,-122.421033090567,37.79193935048
NON-CRIMINAL,8,Game 7,-122.421033090567,37.79193935048
VANDALISM,8,Game 7,-122.416280805077,37.8062946812333
ASSAULT,7,Game 7,-122.412515341356,37.7804777480508
NON-CRIMINAL,7,Game 7,-122.399911318801,37.7905596637863
LARCENY/THEFT,7,Game 7,-122.418333696264,37.7982754745477
ASSAULT,7,Game 7,-122.403404791479,37.775420706711
LARCENY/THEFT,7,Game 7,-122.425300930134,37.8050769933248
MISSING PERSON,7,Game 7,-122.407999186749,37.7778241673064
LARCENY/THEFT,6,Game 7,-122.402591782252,37.8032219444332
SUSPICIOUS OCC,6,Game 7,-122.41113552527,37.8058701106587
LARCENY/THEFT,5,Game 7,-122.416578493475,37.773907074489
BURGLARY,4,Game 7,-122.421387229832,37.793700947263
ROBBERY,2,Game 7,-122.419671780296,37.7650501214668
ASSAULT,2,Game 7,-122.419671780296,37.7650501214668
ASSAULT,1,Game 7,-122.422250532901,37.7568888925131
OTHER OFFENSES,1,Game 7,-122.427826729564,37.8008851555975
WARRANTS,1,Game 7,-122.404862572616,37.7735939535174
LARCENY/THEFT,1,Game 7,-122.422840794653,37.7845455355216
LARCENY/THEFT,0,Game 7,-122.413259498719,37.7829514828801
ASSAULT,0,Game 7,-122.415173665801,37.7524407589917
NON-CRIMINAL,0,Game 7,-122.415173665801,37.7524407589917
ASSAULT,0,Game 7,-122.417641342653,37.7871735250079
WEAPON LAWS,0,Game 7,-122.417641342653,37.7871735250079
SECONDARY CODES,0,Game 7,-122.404282497745,37.7982249345487
OTHER OFFENSES,0,Game 7,-122.404282497745,37.7982249345487
VEHICLE THEFT,0,Game 7,-122.421546665346,37.7528561883583
FORGERY/COUNTERFEITING,0,Game 7,-122.403404791479,37.775420706711
OTHER OFFENSES,0,Game 7,-122.407633520742,37.7841893501425
